Date,DEXSZUS,SWISS_GDP,SWISS_IR,SWISS_CPI,SWISS_M3,SWISS_BOP,SWISS_DM3,SWISS_UC,US_GDP,US_IR,US_CPI,US_M3,US_BOP,US_DM3Index,US_UC,OIL_Avg
Jan-2001,1.63049,100.0000000000000,3.42,100,100,2938.546486,100,84.433,100.0000,5.15,100.0000,100,-35202, 100.00 , 0.29 ,25.62
Feb-2001,1.66856,99.9735413288234,3.42833,99.82094035,100.3849153,2549.918228,98.93388885,84.105,99.3231,4.88,100.3998,101,-29301, 100.91 , 0.32 ,27.50
Mar-2001,1.69080,99.9359411410475,3.325,99.96583908,100.0603055,2312.973144,97.90749445,84.793,99.0796,4.42,100.6282,102,-32812, 102.02 , 0.34 ,24.50
Apr-2001,1.71311,99.8846785468881,3.175,99.8995291,101.3701821,2436.370263,99.08930141,91.302,98.7708,3.87,101.0280,103,-30521, 103.53 , 0.22 ,25.66
May-2001,1.75278,99.8126972114785,3.205,100.488344,102.0643189,2346.297253,100.0822209,92.667,98.1868,3.62,101.4849,103,-27095, 104.08 , 0.26 ,28.31
Jun-2001,1.78562,99.7142700516600,3.23667,100.6389034,101.0430768,2251.413142,98.96477392,89.055,97.6431,3.49,101.6562,104,-29151, 105.11 , 0.28 ,27.85
Jul-2001,1.75701,99.5924022682474,3.19,101.0044076,100.3940651,1810.650811,98.10800794,88.304,97.0418,3.51,101.3706,105,-29902, 105.90 , 0.30 ,24.61
Aug-2001,1.68076,99.4540818629065,3.15667,100.4304925,100.3227383,1961.944841,97.92255871,86.210,96.9399,3.36,101.3706,105,-28094, 106.88 , 0.31 ,25.68
Sep-2001,1.63384,99.3073248210834,2.28333,100.3832498,100.4749576,2364.228112,98.31162672,88.150,96.4436,2.64,101.8275,107,-30217, 109.56 , 0.35 ,25.62
Oct-2001,1.63567,99.1595178269282,2.09,100.019554,102.2204893,3990.130951,100.2020199,85.568,96.1294,2.16,101.4849,107,-30588, 109.66 , 0.14 ,20.54
Nov-2001,1.65087,99.0171394036590,2.00333,100.297029,104.077898,4164.919956,102.031344,91.713,95.5538,1.87,101.3135,108,-30003, 111.56 , 0.17 ,18.80
Dec-2001,1.65662,98.8856455118433,1.83833,100.3498365,104.3577986,3861.225453,102.6668804,96.407,95.5364,1.69,100.9138,109,-27488, 111.72 , 0.19 ,18.71
Jan-2002,1.67089,98.7690424339340,1.69667,100.5737873,103.7100346,2010.301899,101.9577385,100.335,96.1664,1.65,101.1422,110,-29678, 111.96 , 0.16 ,19.42
Feb-2002,1.69703,98.6697219529238,1.73833,100.5566094,104.1357081,1551.199543,101.9812617,99.667,96.1682,1.72,101.5420,110,-32501, 113.30 , 0.16 ,20.28
Mar-2002,1.67427,98.5872760150308,1.635,100.5266809,104.4896389,1415.172838,102.3722182,101.164,96.9167,1.79,102.1131,110,-31161, 113.55 , 0.16 ,23.70
Apr-2002,1.65417,98.5161078286206,1.57,100.9237261,104.8995082,1916.536254,102.8527481,102.394,97.3840,1.71,102.6842,110,-33965, 114.08 , 0.17 ,25.73
May-2002,1.58892,98.4471547250267,1.23167,101.0373927,104.8075943,2190.925004,102.6741656,103.074,97.7848,1.73,102.6842,111,-34026, 114.52 , 0.18 ,25.35
Jun-2002,1.53989,98.3687961637367,1.24333,100.8884575,104.9976606,2552.653556,103.2752576,102.885,98.5927,1.70,102.7413,111,-34732, 115.08 , 0.18 ,24.08
Jul-2002,1.47185,98.2676010780371,0.82167,100.9966616,105.6098651,3288.662825,104.2939561,95.994,98.5583,1.68,102.8555,112,-33913, 116.08 , 0.18 ,25.74
Aug-2002,1.49716,98.1308645936142,0.75167,100.9595974,105.5435291,3609.865295,103.789768,100.109,98.4595,1.62,103.1982,113,-36385, 116.92 , 0.18 ,26.65
Sep-2002,1.49308,97.9507438361601,0.74833,100.9518727,106.0536303,3803.201881,104.5323422,98.054,98.5768,1.63,103.3695,114,-36088, 117.41 , 0.18 ,28.40
Oct-2002,1.49322,97.7308364873855,0.74333,101.2144075,106.6019942,3691.185103,105.1651598,98.334,98.2902,1.58,103.5408,115,-35095, 117.55 , 0.19 ,27.54
Nov-2002,1.46576,97.4818853050151,0.745,101.1759588,108.0543165,3761.905531,106.1947149,100.363,98.8408,1.23,103.5408,116,-39515, 118.99 , 0.21 ,24.34
Dec-2002,1.43881,97.2202843915323,0.61667,101.2224655,109.3621136,3837.875686,107.9258046,98.396,98.2994,1.19,103.3124,116,-43607, 119.30 , 0.22 ,28.33
Jan-2003,1.37653,96.9686229753082,0.60333,101.4847713,110.1887146,3879.746878,108.6586992,97.599,99.1105,1.17,103.7693,117,-41156, 120.11 , 0.20 ,31.18
Feb-2003,1.36018,96.7512454477856,0.57167,101.5716748,111.5557774,3995.728002,109.430278,99.447,99.2285,1.17,104.5688,117,-40082, 120.88 , 0.20 ,32.77
Mar-2003,1.36136,96.5891681244534,0.31333,101.9278184,113.1823617,4146.470369,111.7167006,106.964,98.9324,1.13,105.1970,118,-43806, 121.16 , 0.20 ,30.61
Apr-2003,1.37828,96.4925727308130,0.30833,101.5342527,115.1772253,4560.197968,113.8535078,104.135,98.3075,1.13,104.9686,119,-42037, 121.27 , 0.17 ,25.07
May-2003,1.31107,96.4656071686769,0.28167,101.3692536,114.7943895,4609.294829,113.055371,103.925,98.2766,1.07,104.7973,120,-41045, 122.64 , 0.18 ,25.86
Jun-2003,1.31958,96.5062708058035,0.28833,101.3861323,114.57625,4521.984943,112.9112735,103.361,98.4077,0.92,104.9115,121,-39696, 123.88 , 0.17 ,27.65
Jul-2003,1.36115,96.6010844644294,0.28667,101.2991979,114.3227591,3779.561685,112.499354,103.837,98.9126,0.90,105.0257,121,-41321, 124.73 , 0.17 ,28.35
Aug-2003,1.38112,96.7323993488209,0.26667,101.5337458,115.2774572,3808.46827,113.1810806,107.990,98.7056,0.95,105.4255,123,-39892, 124.57 , 0.17 ,29.89
Sep-2003,1.37426,96.8816071579105,0.25417,101.5540304,116.5395053,4089.998075,114.9071946,109.274,99.3819,0.94,105.7681,122,-41842, 124.32 , 0.17 ,27.11
Oct-2003,1.32221,97.0295659668448,0.24917,101.6347396,117.3812866,5137.878442,116.0240496,108.402,99.4922,0.92,105.6539,122,-41388, 124.58 , 0.17 ,29.61
Nov-2003,1.33184,97.1597524639581,0.26667,101.6525384,117.3238924,5539.359179,115.12865,105.428,100.1574,0.93,105.3684,122,-39898, 124.70 , 0.17 ,28.75
Dec-2003,1.26426,97.2613374448616,0.26,101.7951175,117.5322582,5808.167629,115.9288793,102.733,100.2131,0.90,105.2541,122,-44080, 124.96 , 0.17 ,29.81
Jan-2004,1.23914,97.3333364606220,0.24667,101.7366014,118.9939383,5833.20082,117.6382322,104.074,100.3892,0.88,105.7681,122,-44645, 125.68 , 0.21 ,31.28
Feb-2004,1.24481,97.3781941958641,0.25833,101.7119161,119.4356239,5919.991923,117.6586893,102.674,100.9802,0.93,106.3392,123,-44552, 126.27 , 0.21 ,30.86
Mar-2004,1.27778,97.3972572492084,0.25,101.8836909,118.6576832,5957.437967,117.3349898,101.547,100.5801,0.94,107.0246,124,-46754, 127.56 , 0.21 ,33.63
Apr-2004,1.29688,97.3879982680599,0.27167,102.0344718,119.3574347,5990.342863,117.8615501,101.412,100.9979,0.94,107.3672,124,-47283, 128.50 , 0.16 ,33.59
May-2004,1.28391,97.3465638947567,0.26,102.2650173,119.4799172,5895.495854,117.8041751,103.116,101.7261,1.02,107.9954,126,-47553, 129.10 , 0.16 ,37.57
Jun-2004,1.25027,97.2721588682566,0.49833,102.4738073,118.8419269,5717.700852,117.3375995,103.882,100.9352,1.27,108.3381,126,-54169, 130.28 , 0.16 ,35.18
Jul-2004,1.24518,97.1735076096615,0.53,102.1756046,117.8092475,5289.313619,116.1081734,101.746,101.6910,1.33,108.1668,126,-51606, 130.51 , 0.18 ,38.22
Aug-2004,1.26229,97.0640865123569,0.62,102.5598811,118.6612184,5071.355808,116.8915192,102.474,101.7854,1.48,108.2239,127,-53647, 131.08 , 0.19 ,42.74
Sep-2004,1.26291,96.9589545078176,0.7,102.4674597,118.3559479,4896.183182,116.5483475,100.099,101.8805,1.65,108.4523,128,-51686, 132.05 , 0.19 ,43.20
Oct-2004,1.23300,96.8722440533483,0.72667,102.9377908,118.9257307,4608.432044,117.1290515,93.310,102.8152,1.76,109.0234,128,-55058, 132.31 , 0.27 ,49.78
Nov-2004,1.17114,96.8165436699862,0.74,103.1607096,120.436071,4635.352561,118.4151364,86.841,103.0719,2.07,109.0805,129,-58967, 132.61 , 0.26 ,43.11
Dec-2004,1.14645,96.8008326198488,0.71667,103.112011,120.498248,4821.581035,118.8009568,86.204,103.8370,2.19,108.6808,129,-54918, 133.75 , 0.25 ,39.60
Jan-2005,1.17918,96.8260458843544,0.75,103.0343339,122.5467627,5571.233609,121.1100649,81.713,104.2416,2.33,108.9092,129,-56189, 133.49 , 0.28 ,44.51
Feb-2005,1.19178,96.8893645588246,0.75833,103.1810677,122.2868253,5772.990893,120.1220017,83.254,105.0047,2.54,109.5374,129,-58094, 133.84 , 0.27 ,45.48
Mar-2005,1.17563,96.9853553769475,0.775,103.415083,121.885274,5830.969028,119.7682082,84.452,104.8447,2.74,110.3941,129,-53134, 134.23 , 0.26 ,53.10
Apr-2005,1.19537,97.1041805198339,0.76,103.4669927,122.6852574,5681.342924,120.0666192,78.604,105.0522,2.78,111.1365,130,-57312, 134.79 , 0.26 ,51.88
May-2005,1.21716,97.2353540527842,0.75,103.3306099,123.2329975,5499.63158,120.6923098,77.338,105.1589,2.84,111.0223,130,-56040, 135.77 , 0.27 ,48.65
Jun-2005,1.26651,97.3696868754126,0.74833,103.1296287,124.6212712,5222.009905,122.2629409,77.760,105.5828,2.97,111.0794,131,-58152, 136.37 , 0.26 ,54.35
Jul-2005,1.29455,97.5001836983269,0.755,103.3485302,125.9334352,4502.719435,123.4912007,75.693,105.2460,3.22,111.5934,131,-58301, 136.84 , 0.36 ,57.52
Aug-2005,1.26294,97.6222382192988,0.76,103.5439903,125.1860632,4292.595947,122.2708318,75.618,105.6181,3.44,112.1645,132,-58745, 137.78 , 0.35 ,63.98
Sep-2005,1.26706,97.7339447896141,0.79,103.9167868,125.4846793,4245.880977,123.0557267,71.040,103.5829,3.42,113.5351,133,-64882, 138.56 , 0.34 ,62.91
Oct-2005,1.28797,97.8368635595669,0.85,104.3182305,125.7778887,4454.047145,123.4641209,71.646,104.8144,3.71,113.7636,133,-67265, 139.75 , 0.32 ,58.54
Nov-2005,1.31104,97.9335888993433,1.01,104.1081891,127.450222,4665.544746,124.6453305,73.297,105.9305,3.88,112.8498,134,-63859, 140.67 , 0.32 ,55.24
Dec-2005,1.30532,98.0258196638587,1.01,104.1190098,126.3651393,4971.846399,124.0159704,71.351,106.5131,3.89,112.3929,134,-64568, 140.87 , 0.32 ,56.86
Jan-2006,1.27733,98.1127622845587,1.02417,104.4404526,126.3955,5754.39398,123.9694672,74.138,106.6481,4.24,113.2496,135,-66967, 141.47 , 0.33 ,62.99
Feb-2006,1.30522,98.1926772675054,1.17583,104.6373536,126.4921967,5964.222331,123.2741503,79.865,106.6545,4.43,113.4780,136,-62308, 141.85 , 0.34 ,60.21
Mar-2006,1.30502,98.2647194716788,1.24917,104.5391917,126.8367697,5982.773328,123.5184303,79.254,106.9260,4.51,114.1062,136,-62397, 142.14 , 0.34 ,62.06
Apr-2006,1.28299,98.3312075400172,1.34,104.5677207,127.9141583,5376.276653,124.0766428,81.098,107.2651,4.60,115.0771,137,-62603, 142.57 , 0.35 ,70.26
May-2006,1.21897,98.3961863495154,1.42333,104.710254,127.1599239,5337.600679,123.492232,79.418,107.2604,4.72,115.6482,137,-64818, 143.03 , 0.37 ,69.78
Jun-2006,1.23212,98.4643441905343,1.52,104.6975748,126.4056895,5432.975088,122.8542823,81.137,107.5957,4.79,115.8766,138,-63800, 143.65 , 0.37 ,68.56
Jul-2006,1.23757,98.5400097570041,1.55,104.763348,127.6444472,5914.088158,123.9384181,77.559,107.5287,4.95,116.2193,138,-66909, 144.58 , 0.43 ,73.67
Aug-2006,1.23178,98.6257973587804,1.68,105.0324924,127.8584277,6088.797128,124.2184443,70.512,107.9996,4.96,116.4477,139,-68277, 145.25 , 0.43 ,73.23
Sep-2006,1.24545,98.7207033510920,1.81083,104.7486964,127.8692411,6208.790274,123.9505869,68.073,107.8172,4.81,115.8766,140,-65095, 145.70 , 0.43 ,61.96
Oct-2006,1.26017,98.8174699304887,1.86,104.6156025,129.0940661,6605.528875,124.9499954,67.404,107.6869,4.92,115.2484,141,-59538, 146.59 , 0.38 ,57.81
Nov-2006,1.23561,98.9084148783558,1.95,104.6060225,129.2271541,6367.494414,124.4047013,67.066,107.6267,4.94,115.0771,141,-58939, 147.92 , 0.38 ,58.76
Dec-2006,1.20986,98.9911448494576,2.1025,104.7735958,130.0689354,5826.148171,124.7367835,65.332,108.7275,4.85,115.2484,142,-61882, 148.54 , 0.38 ,62.47
Jan-2007,1.24309,99.0747101163002,2.19,104.5887828,131.1323913,3902.325105,126.4038138,69.192,108.3017,4.98,115.6002,143,-58014, 148.97 , 0.38 ,53.68
Feb-2007,1.23933,99.1717252589190,2.22,104.6387254,131.1841709,3563.729077,125.5332194,70.602,109.3316,5.03,116.2187,143,-58479, 149.44 , 0.38 ,57.56
Mar-2007,1.21783,99.2904868086398,2.295,104.7626909,130.2165798,3731.195047,123.1108742,75.510,109.5659,4.94,117.2770,144,-62183, 150.06 , 0.38 ,62.05
Apr-2007,1.21236,99.4261744431266,2.35,105.0575345,130.9945205,5337.004231,123.6730132,81.879,110.3511,4.87,118.0388,145,-60494, 151.71 , 0.38 ,67.49
May-2007,1.22112,99.5684771272222,2.47,105.1792496,130.7133722,5817.383285,123.188288,77.936,110.4217,4.73,118.7601,146,-59572, 151.92 , 0.38 ,67.21
Jun-2007,1.23300,99.7080716175008,2.7,105.3362897,130.1806045,6104.613424,122.0704463,81.733,110.4517,4.61,118.9903,146,-59997, 152.62 , 0.38 ,71.05
Jul-2007,1.20690,99.8427237281984,2.7075,105.4658658,129.617892,6646.56102,121.142998,75.417,110.3199,4.82,118.9600,147,-60246, 153.53 , 0.41 ,76.93
Aug-2007,1.20274,99.9739881898179,2.89667,105.4690428,129.2835085,6211.593551,120.1691868,73.828,110.5834,4.2,118.7419,148.402267,-57214,155.3284503,0.419788786,70.76
Sep-2007,1.18519,100.1043514436290,2.785,105.5400272,130.3195151,5247.577389,120.6805503,76.634,110.8420,3.89,119.0691,148.770047,-58158,156.8283759,0.415709008,77.17
Oct-2007,1.17410,100.2347180645530,2.75333,105.9794788,130.8857627,2520.304464,121.6123171,75.636,110.5004,3.9,119.3238,149.0433699,-57666,158.1569209,0.317343086,82.34
Nov-2007,1.12332,100.3646980038870,2.745,106.4625636,132.305021,1423.846966,123.0161606,74.372,111.1342,3.27,120.0326,149.543792,-60682,159.5713442,0.341640718,92.41
Dec-2007,1.14020,100.4930168550240,2.75667,106.8967401,133.2628383,723.9968242,124.3288619,76.005,111.1238,3,119.9520,150.1487198,-58290,159.7593658,0.349228073,90.93
Jan-2008,1.10056,100.6180826295320,2.65333,107.1401522,133.3480978,376.4504433,123.4790025,78.088,110.9640,2.75,120.5483,150.8259978,-61339,160.4760076,0.257995577,92.18
Feb-2008,1.08899,100.7348468940880,2.79667,107.0926816,133.4701644,503.0427149,122.4407353,78.839,110.5558,2.12,120.8983,152.5282367,-64225,162.2323372,0.245900716,94.99
Mar-2008,1.01259,100.8320317557130,2.885,107.5020076,134.1911268,1059.470042,123.3168693,77.499,110.1784,1.26,121.9463,153.8506371,-60200,164.982696,0.287896132,103.64
Apr-2008,1.01384,100.8901072410380,2.80833,107.4683909,136.7863418,3728.814527,125.2503886,79.693,109.4402,1.29,122.6859,154.71281,-63733,164.985631,0.224224219,109.07
May-2008,1.04480,100.8813218263730,2.7775,108.1735617,135.4223983,3882.600387,123.3904481,79.561,108.7868,1.73,123.7190,154.955987,-62310,165.0290683,0.231729048,122.80
Jun-2008,1.03712,100.7728081380680,2.79,108.4155456,133.625295,3203.909726,121.2290345,75.096,108.5460,1.86,124.9657,155.3076892,-60889,165.1894269,0.225583295,132.32
Jul-2008,1.02828,100.5347706126450,2.75583,108.6886923,132.3721888,-200.731716,119.9114004,75.882,108.0332,1.63,125.6219,156.2402026,-66989,165.8168891,0.228817301,132.72
Aug-2008,1.08406,100.1464770135110,2.745,108.5213427,133.1131144,-1124.269726,120.4979588,72.992,106.3496,1.72,125.1205,156.5416616,-62394,165.776957,0.228481428,113.24
Sep-2008,1.11016,99.6114131866550,2.955,108.6262111,132.8456908,-1460.178564,120.8026769,70.715,101.7783,1.13,124.9475,157.9464609,-60292,167.0636871,0.308641904,97.23
Oct-2008,1.14295,98.9823457357774,2.71833,108.7829679,134.5577425,-112.2907402,125.7548262,79.288,102.7094,0.67,123.6853,160.1189758,-60879,166.3844696,0.50141893,71.58
Nov-2008,1.19103,98.3319387050942,1.255,108.0328709,135.0647244,-95.06684852,132.0389491,60.429,101.3755,0.19,121.3164,161.1379075,-45132,165.2091756,0.267502508,52.45
Dec-2008,1.14036,97.7310145052286,0.66167,107.6776197,136.4249249,-312.3394004,138.0522571,67.397,98.5029,0.03,120.0617,164.6790466,-43967,164.023322,0.27502656,39.95
Jan-2009,1.12667,97.2297031242758,0.52667,107.2806864,138.1199247,-2206.663327,139.9201071,76.040,96.0714,0.13,120.5842,166.310945,-39343,166.8546389,0.217302083,43.44
Feb-2009,1.16394,96.8619928378185,0.495,107.3185643,139.1297296,-1811.012568,140.8525174,72.931,95.4466,0.3,121.1839,166.8977853,-28778,166.5193865,0.219665843,43.32
Mar-2009,1.15550,96.6432671614452,0.40333,106.99125,139.3642971,-567.942053,142.1769529,83.247,93.9256,0.21,121.4786,168.2221954,-30193,166.0705793,0.226306495,46.54
Apr-2009,1.14806,96.5581808942924,0.40333,107.1108244,141.1763727,3708.458797,143.9224075,82.320,93.2056,0.16,121.7818,168.2885164,-30473,164.6819656,0.20754533,50.18
May-2009,1.10760,96.5795553274933,0.39833,107.1164904,140.9825634,5006.935887,143.4104427,88.948,92.2544,0.18,122.1336,169.4481289,-25839,166.1426455,0.152188848,57.30
Jun-2009,1.08087,96.6772583239031,0.395,107.4134821,141.4028302,5513.399796,143.9553152,87.923,91.9513,0.18,123.1828,169.639053,-27152,166.3883958,0.154555396,68.61
Jul-2009,1.07797,96.8194481449646,0.36,107.4202387,142.1568566,3843.105267,144.8764773,81.353,92.9957,0.18,122.9874,169.7375296,-33307,165.7955931,0.140751801,64.44
Aug-2009,1.06826,96.9787990107215,0.31667,107.6362049,142.8582717,3804.101759,145.2368113,81.401,94.0394,0.17,123.2633,169.7294907,-31674,164.8261493,0.143903533,72.51
Sep-2009,1.03905,97.1356803716110,0.28833,107.6021462,142.8794826,4011.644014,145.2639653,82.428,94.7962,0.12,123.3404,169.7134129,-35247,162.81398,0.147708661,67.65
Oct-2009,1.02133,97.2802042393865,0.26183,107.9018155,144.4748745,4616.264167,147.7332434,79.866,95.0698,0.07,123.4592,170.2540295,-34959,161.8604439,0.215991238,72.77
Nov-2009,1.01313,97.4089826410461,0.25,108.0967271,146.1744492,5203.998846,148.9749024,75.722,95.4457,0.05,123.5465,170.8589574,-38381,160.590405,0.21741214,76.66
Dec-2009,1.03011,97.5227419691246,0.25167,108.0154257,145.8689708,5925.380187,149.6247813,72.557,95.7448,0.05,123.3290,170.7544515,-39426,160.0863761,0.221535662,74.46
Jan-2010,1.03446,97.6250364792895,0.25,108.3673944,146.9147509,7609.73726,150.6568706,69.872,96.8212,0.06,123.7504,169.992765,-37744,159.7598287,0.277719928,76.17
Feb-2010,1.07220,97.7197866350122,0.25,108.2712166,147.8399201,7976.415121,150.9263576,68.820,97.1362,0.11,123.7813,170.9915993,-41504,159.4410706,0.278288574,73.75
Mar-2010,1.06657,97.8096210320383,0.24667,108.3877653,148.2816058,7854.742839,152.1468736,70.120,97.8572,0.15,124.2895,170.9313075,-40271,157.3321922,0.27878328,78.83
Apr-2010,1.06895,97.8947451285496,0.24583,108.5994085,149.7039833,6126.941352,153.3945709,69.123,98.2252,0.16,124.5054,171.546284,-41496,157.6190226,0.238635382,84.82
May-2010,1.12951,97.9744001891023,0.10833,108.3393276,152.2068686,5866.903085,156.0165444,62.631,99.5871,0.16,124.6019,172.6496242,-42088,158.2608715,0.238417986,75.95
Jun-2010,1.12546,98.0486464597899,0.11167,107.9883696,152.3401645,5956.848974,156.2734906,59.212,99.7848,0.12,124.4803,173.0314723,-47316,156.3533692,0.23962576,74.76
Jul-2010,1.05297,98.1205222493756,0.17167,107.8926967,152.3357975,7075.485664,156.1143404,60.872,100.2075,0.16,124.5066,173.2264159,-41609,158.5832226,0.291845227,75.58
Aug-2010,1.03876,98.1937480474531,0.165,107.9449109,152.9914637,7356.369882,156.6236616,53.380,100.5492,0.16,124.6785,174.2373086,-45619,160.0410769,0.292579176,77.04
Sep-2010,1.00019,98.2705795024436,0.17833,107.8476309,153.2576396,7478.208273,156.9112889,57.461,100.7806,0.15,124.7510,174.860324,-44333,159.7227874,0.293681562,77.84
Oct-2010,0.96861,98.3495406424789,0.16833,108.1256384,154.3685081,7615.446832,157.950321,59.648,100.5489,0.13,124.9063,175.8471,-40646,161.8123093,0.248735632,82.66
Nov-2010,0.98467,98.4264775864225,0.17167,108.3942545,155.8505672,7288.359071,159.0468983,63.557,100.5944,0.14,124.9589,176.2631135,-38739,161.5344146,0.24939749,85.27
Dec-2010,0.96893,98.4954357470455,0.17,108.6203045,156.8678582,6671.390987,160.9633865,65.600,101.5659,0.14,125.1736,176.900197,-41721,160.4492377,0.250732869,91.45
Jan-2011,0.95652,98.5496605235398,0.17,108.640359,157.6324901,4874.648541,161.655043,66.701,101.3789,0.15,125.7698,177.3222396,-48123,159.7904566,0.190352301,96.52
Feb-2011,0.94997,98.5813735470801,0.17,108.7885838,159.2050074,4345.340338,162.7991425,71.306,100.9287,0.13,126.3901,178.6044455,-44753,160.753056,0.190518175,103.72
Mar-2011,0.91853,98.5825888737671,0.18,109.3684109,158.8666729,4193.572341,162.7594202,66.200,101.9728,0.1,127.6225,179.7379316,-44312,162.0728363,0.191105047,114.64
Apr-2011,0.89716,98.5475251114372,0.185,108.9231582,160.4520831,5419.284358,164.1320925,71.444,101.6221,0.06,128.4443,180.9739137,-42685,163.6903452,0.204456898,123.26
May-2011,0.87405,98.4735653595486,0.17583,108.7837763,161.8638552,5272.641914,165.8283149,66.315,101.7825,0.04,129.0485,182.3927811,-47725,165.873977,0.204855019,114.99
Jun-2011,0.84006,98.3647738025553,0.175,108.6688976,160.6635682,4753.584818,164.3335998,67.759,102.0378,0.04,128.9103,183.9161542,-49882,164.515325,0.205517462,113.83
Jul-2011,0.82142,98.2381159702484,0.175,108.4111278,161.9335184,2972.713275,165.6071161,59.543,102.5841,0.04,129.0246,187.246272,-46070,165.5273891,0.192206425,116.97
Aug-2011,0.78000,98.1154980272101,0.005,108.1345687,165.3264294,2375.876722,169.8940965,50.345,103.2049,0.02,129.3804,191.096909,-45052,165.9780551,0.191631681,110.22
Sep-2011,0.87670,98.0171559852233,0.02333,108.2878556,165.560581,2073.675363,169.8161262,48.521,103.1236,0.01,129.5768,191.5209615,-43477,166.0234795,0.191691937,112.83
Oct-2011,0.89581,97.9548420305014,0.04333,108.0027773,167.0476309,2326.524822,171.2682544,51.462,103.7794,0.02,129.3095,192.2002492,-45509,165.9811942,0.247696586,109.55
Nov-2011,0.90786,97.9328207995670,0.05167,107.858622,167.3067365,2418.282134,170.5309805,47.182,103.8233,0.01,129.2005,193.2191808,-47460,166.5763614,0.247544588,110.77
Dec-2011,0.93335,97.9462214305209,0.05167,107.8703406,168.762594,2609.362923,172.8746216,41.344,104.3374,0.01,128.8818,194.1778207,-49473,166.0993934,0.248232024,107.87
Jan-2012,0.93760,97.9764159655429,0.07,107.7737155,169.6746623,2693.221577,173.6098303,41.325,104.9583,0.03,129.4489,195.6589895,-50126,167.183275,0.228695098,110.69
Feb-2012,0.91181,98.0019049507169,0.08667,107.818728,170.0645685,3237.858528,173.619399,42.849,105.2552,0.09,130.0188,196.8226215,-42780,168.193508,0.228327847,119.33
Mar-2012,0.91309,98.0079351314782,0.11,108.2448305,169.9071504,4036.728163,173.396527,43.960,104.7351,0.08,131.0063,197.7812613,-49749,168.4235396,0.227198539,125.45
Apr-2012,0.91334,97.9963962818739,0.11167,107.8996822,171.1866663,6180.330984,174.4673716,41.537,105.5403,0.08,131.4021,198.8423972,-46842,169.0448851,0.228489268,119.42
May-2012,0.93830,97.9758637785388,0.0975,107.741904,172.5576801,6669.790613,175.8591204,37.271,105.7063,0.09,131.2479,199.7407452,-45106,168.7341447,0.228448186,110.34
Jun-2012,0.95762,97.9528497304007,0.087,107.5577834,174.887759,6595.607553,178.4861771,39.722,105.6963,0.09,131.0554,201.0189316,-42941,170.1763944,0.228309712,95.16
Jul-2012,0.97827,97.9236772368178,0.06,107.6203647,177.3819104,4700.747671,181.4440103,37.407,105.9359,0.1,130.8418,202.1684955,-42406,171.2815666,0.221473535,102.62
Aug-2012,0.96812,97.8814260487435,0.046,107.6175423,179.4647369,4442.054828,183.4276374,38.302,105.5081,0.1,131.5700,203.372322,-44030,171.6135123,0.2217736,113.36
Sep-2012,0.93860,97.8232391824261,0.044,107.7618319,180.4314961,4562.494891,184.3404366,39.548,105.4488,0.11,132.1571,204.9399092,-38794,173.2221411,0.220967481,112.86
Oct-2012,0.93233,97.7584667299460,0.032,107.7543181,182.0880252,6086.398048,186.5445829,40.284,105.7795,0.1,132.1057,206.2140761,-41467,173.4439735,0.183130715,111.71
Nov-2012,0.93875,97.7019971084963,0.03,107.4749973,183.1464903,6196.856287,187.0028404,41.882,106.2668,0.09,131.4797,207.4882431,-45332,174.8166121,0.184501177,109.06
Dec-2012,0.92134,97.6680563146859,0.012,107.4215742,185.3266373,5918.199795,191.047125,40.155,106.5146,0.07,131.1256,210.1330439,-36334,177.4369848,0.184642915,109.49
Jan-2013,0.92338,97.6634146819649,0.022,107.4786248,185.3380746,3869.232494,190.6493587,45.852,106.4649,0.07,131.5134,210.6415049,-40135,177.3411608,0.195798989,112.96
Feb-2013,0.92124,97.6898941005688,0.022,107.5638487,186.2434886,3848.243595,191.1512131,44.040,106.9848,0.1,132.5905,210.8806624,-41004,176.6479109,0.195530749,116.05
Mar-2013,0.94661,97.7446877964042,0.022,107.5592488,186.3171028,4474.037021,190.9490043,45.587,107.4337,0.09,132.9372,212.2131115,-34314,176.4863412,0.195097518,108.47
Apr-2013,0.93659,97.8183598986277,0.02,107.2740364,188.3539724,7391.961045,193.1797966,48.757,107.3611,0.06,132.7990,212.9044576,-38487,177.8987823,0.20184838,102.25
May-2013,0.95570,97.8991162282061,0.016,107.2540148,188.9703359,8077.307919,193.6044023,50.418,107.4477,0.04,133.0354,213.704329,-41701,177.9856699,0.203537193,102.56
Jun-2013,0.93309,97.9756488011397,0.019,107.4354793,186.5990829,8175.425916,190.4429881,52.392,107.5929,0.05,133.3547,214.7594357,-34426,178.5051577,0.203858496,102.92
Jul-2013,0.94489,98.0394141903099,0.018,107.568898,188.5186687,7044.288458,192.9137281,54.173,107.2827,0.04,133.4072,215.691949,-36356,178.8998666,0.163973006,107.93
Aug-2013,0.92609,98.0851861548554,0.018,107.5337147,190.1781091,6449.468632,194.5255041,55.729,107.9108,0.04,133.5677,216.7872503,-36617,179.0170613,0.164127722,111.28
Sep-2013,0.92305,98.1124549768494,0.022,107.6338831,189.4249145,5748.93986,193.5101162,56.197,108.5151,0.02,133.7230,217.8262792,-39917,180.3770221,0.164163552,111.60
Oct-2013,0.90253,98.1280401676600,0.019,107.4579451,190.2775092,4587.567734,194.4715211,56.590,108.3633,0.05,133.3786,220.1073194,-36285,180.8824079,0.239210427,109.08
Nov-2013,0.91294,98.1413265888142,0.015,107.5847532,191.5069091,3941.971879,194.9265276,55.267,108.6446,0.07,133.1062,220.213835,-33983,180.5929043,0.238611303,107.79
Dec-2013,0.89328,98.1602927007945,0.023,107.5238386,191.4559614,3457.017886,196.0099174,61.274,108.8502,0.07,133.0948,221.5442743,-33636,181.7607015,0.238983517,110.76
Jan-2014,0.90384,98.1876688818951,0.018,107.5489244,193.0295185,3082.816868,197.507966,56.052,108.4947,0.04,133.5899,222.6757506,-37433,181.6270686,0.175417629,108.12
Feb-2014,0.89373,98.2228896092257,0.022,107.4292499,194.1312372,2956.563264,198.0973891,54.626,109.3123,0.05,134.0840,224.5387676,-40119,183.0158858,0.175406683,108.90
Mar-2014,0.88048,98.2633872399373,0.022,107.5469168,194.921031,3028.368189,198.3987884,54.139,110.3820,0.05,134.9475,225.3064834,-42940,183.6502513,0.175089262,107.48
Apr-2014,0.88283,98.3052715463880,0.017,107.3693461,195.2208948,3786.53105,197.4472688,52.712,110.4422,0.03,135.3923,226.3575706,-43735,183.8580284,0.175412601,107.76
May-2014,0.88829,98.3440969452922,0.012,107.5395713,195.9418572,3888.228473,197.8871499,51.943,110.8747,0.03,135.8652,227.6940391,-39575,184.868532,0.175392001,109.54
Jun-2014,0.89579,98.3754862557349,0.008,107.4731037,194.1971573,3821.759867,195.5322104,51.802,111.2432,0.04,136.1182,228.7149805,-38895,185.1939804,0.174733754,111.80
Jul-2014,0.89781,98.3959327079276,0.018,107.5464056,195.1695312,2701.078518,196.1124652,45.693,111.5422,0.03,136.0651,229.8605249,-38935,185.2394434,0.190495135,106.77
Aug-2014,0.90982,98.4019446613536,0.018,107.5684571,196.4446801,2962.812888,197.0351465,41.348,111.3266,0.03,135.8378,230.4453555,-36935,185.3406945,0.190703287,101.61
Sep-2014,0.93702,98.3899431702338,0.006,107.5010981,195.7526228,3720.916263,196.1343395,44.891,111.6917,0.02,135.9400,231.1226335,-41672,185.4109979,0.190888257,97.09
Oct-2014,0.95283,98.3571657445978,0.015,107.4399801,196.6829907,6680.37534,197.0381119,42.569,111.6975,0.02,135.5985,232.3666546,-41067,186.2921009,0.191572155,87.43
Nov-2014,0.96416,98.3031828013210,0.001,107.5434651,198.3208044,7152.476705,197.7847465,37.713,112.4304,0.02,134.8664,233.0921661,-39808,186.3207906,0.192371425,79.44
Dec-2014,0.97530,98.2328675414238,-0.063,107.209817,197.6915479,6842.207055,198.262591,32.401,112.3729,0.03,134.1017,234.6858797,-42838,188.1949994,0.191884966,62.34
Jan-2015,0.94433,98.1608370278129,-0.854,107.0397058,198.4890358,3875.94638,198.5724432,35.030,111.5422,0.03,133.4706,236.0906789,-38871,189.1015393,0.17147665,47.76
Feb-2015,0.93606,98.1040515629923,-0.85,106.5485629,198.5819895,3406.149706,196.5530491,37.834,110.8712,0.02,134.0503,238.6591101,-33888,190.6265544,0.171362937,58.10
Mar-2015,0.97982,98.0745949982580,-0.814,106.5993756,199.2771661,3559.197024,196.1664936,32.959,110.5082,0.03,134.8481,238.9927248,-48699,191.4316233,0.170796079,55.89
Apr-2015,0.95951,98.0714016075133,-0.794,106.1928037,198.1941628,5367.700727,194.354953,38.485,109.8481,0.02,135.1222,239.7825475,-39853,190.9020626,0.182485329,59.52
May-2015,0.93155,98.0867743770531,-0.788,106.268962,198.8656332,5991.976734,195.0683992,36.748,109.3654,0.02,135.8110,240.3914948,-38573,191.2253402,0.183159728,64.08
Jun-2015,0.93206,98.1109511631836,-0.789,106.340037,198.3164374,6464.637439,195.7389485,42.519,109.0026,0.02,136.2867,241.2978817,-42514,191.3323923,0.182819941,61.48
Jul-2015,0.95474,98.1353096570782,-0.739,106.1249633,198.932801,7036.007642,196.4598125,40.908,109.7366,0.03,136.2958,242.2906869,-40395,192.6675013,0.203354095,56.56
Aug-2015,0.96852,98.1533698288680,-0.724,106.0202897,199.215197,7017.694141,196.3093299,38.917,109.4421,0.07,136.1028,243.269424,-44269,194.3672236,0.202840422,46.52
Sep-2015,0.97250,98.1617754010542,-0.733,105.9491903,198.2798382,6660.021737,195.497743,43.027,109.0695,0.02,135.8909,244.3546766,-41711,193.7912523,0.203476131,47.62
Oct-2015,0.96870,98.1617147221947,-0.732,105.9807685,199.5327365,5762.262197,200.7030322,38.456,108.6257,0.02,135.8298,245.1163632,-40955,194.9495703,0.17909849,48.43
Nov-2015,1.00977,98.1565645864592,-0.832,106.0777078,202.4883288,4876.41816,206.690099,37.267,107.8135,0.12,135.5431,246.8125729,-40575,195.0454449,0.179249846,44.27
Dec-2015,0.99509,98.1501433712804,-0.756,105.848222,200.9619764,3801.761393,205.195849,40.110,107.1878,0.23,135.0800,248.0867398,-41116,195.6760809,0.176815193,38.01
Jan-2016,1.00821,98.1453377743190,-0.757,105.7026598,201.3090448,1099.570798,211.8301109,31.405,107.8892,0.26,135.3033,250.7315407,-40157,196.7418433,0.19872326,30.70
Feb-2016,0.99203,98.1441099937522,-0.8046,105.6707642,201.7613359,726.3293974,212.5333824,26.102,107.3238,0.31,135.4146,252.3594196,-43455,198.2555558,0.198188109,32.18
Mar-2016,0.98115,98.1473979017861,-0.7292,105.6691645,202.8730362,1243.316093,214.202082,27.974,106.4964,0.29,135.9977,253.6496644,-36917,198.7297384,0.198456661,38.21
Apr-2016,0.96336,98.1547689113193,-0.7294,105.826309,202.932094,4574.385552,213.999405,28.799,106.7913,0.23,136.6425,255.2654849,-38127,199.411926,0.226816187,41.58
May-2016,0.97771,98.1645646761390,-0.7352,105.7838728,203.3600549,5428.937438,214.5481107,28.002,106.5978,0.27,137.1953,256.6079826,-39150,200.348359,0.227596064,46.74
Jun-2016,0.96951,98.1737654413596,-0.7798,105.9224846,203.0391882,5730.826419,214.4990139,23.749,107.0654,0.27,137.6459,257.9565095,-41873,202.0311105,0.225787783,48.25
Jul-2016,0.98300,98.1776966314584,-0.7476,105.8836088,204.3684041,4232.546925,215.8908756,23.574,107.2597,0.3,137.4232,259.1342096,-40148,202.1116365,0.186413933,44.95
Aug-2016,0.97107,98.1712233887160,-0.7364,105.8363948,204.9677158,4364.739273,216.7141168,23.621,107.0706,0.3,137.5494,260.7319426,-40421,203.0145896,0.186269951,45.84
Sep-2016,0.97324,98.1503434006841,-0.75,105.7736612,204.335548,4879.897893,216.9864436,27.477,106.9417,0.29,137.8801,261.9237108,-37237,202.8640294,0.185306197,46.57
Oct-2016,0.98761,98.1145452913519,-0.73,105.7733811,205.4961165,7587.550471,218.4521705,27.807,107.0114,0.33,138.0520,263.3867921,-38765,202.9518999,0.203792126,49.52
Nov-2016,0.99630,98.0654854881529,-0.749,105.7612387,206.399659,7511.495871,218.9788464,30.330,106.5326,0.45,137.8372,264.8860485,-44083,203.8441075,0.204857299,44.73
Dec-2016,1.01939,98.0067712656161,-0.7292,105.8640782,207.1474469,6461.261778,220.1111551,31.174,107.2560,0.51,137.8824,265.691949,-41143,204.1592113,0.203639226,53.31
Jan-2017,1.00750,97.9447344135641,-0.7286,106.0737682,207.4132069,1716.29509,220.3206221,32.228,107.0920,0.51,138.6859,267.1992443,-42946,205.0144099,0.224538236,54.58
Feb-2017,1.00104,97.8870649341507,-0.7262,106.3389389,208.3161255,758.1168407,221.3180152,29.216,106.6831,0.52,139.1222,268.6181117,-39811,205.8427434,0.224389191,54.87
Mar-2017,1.00148,97.8417487290580,-0.7296,106.2495891,208.9819811,866.173926,223.0422033,30.334,107.4845,0.74,139.2353,270.0108525,-41476,206.9140154,0.222976447,51.59
Apr-2017,1.00086,97.8157623360115,-0.73,106.2879228,209.4490367,4400.423534,222.989332,30.675,108.4929,0.8,139.6482,271.1764942,-44357,208.1210926,0.218895507,52.31
May-2017,0.98668,97.8157385967865,-0.7296,106.2760413,211.3201701,4870.983399,225.2280862,31.181,108.6129,0.89,139.7676,272.1974356,-44126,208.8601575,0.218599689,50.33
Jun-2017,0.96807,97.8473062917258,-0.73,106.1383901,211.2278403,4637.810708,225.2036538,32.048,108.7834,0.98,139.8943,272.7460911,-43001,209.4233068,0.214981262,46.37
Jul-2017,0.96039,97.9126250846124,-0.7256,106.2151417,212.3278954,1700.228581,226.5049637,33.682,108.6804,1.07,139.7978,273.8876161,-42007,209.9355407,0.212682562,48.48
Aug-2017,0.96531,98.0122087639486,-0.7262,106.2949552,213.2950705,1560.098439,227.4997767,29.990,108.1341,1.01,140.2164,274.8723823,-41162,211.2128352,0.211744648,51.70
Sep-2017,0.96254,98.1443641299501,-0.726,106.4834606,212.998534,2216.743402,227.3471117,33.639,108.1808,1.03,140.9589,275.7084288,-41465,212.127409,0.211435302,56.15
Oct-2017,0.98212,98.3022005586645,-0.7268,106.4838728,213.9399233,5846.933776,228.7668456,32.571,109.5250,1.07,140.8698,276.7735841,-41615,213.0659595,0.196667088,57.51
Nov-2017,0.99154,98.4765527654415,-0.752,106.6378616,215.0364432,6464.551218,229.6593078,33.351,109.8341,1.23,140.8732,277.4649303,-44623,213.9530731,0.195994199,62.71
Dec-2017,0.98699,98.6571103015005,-0.7462,106.7690171,214.4770579,6246.366036,229.223396,35.200,109.9389,1.32,140.7904,278.5220467,-46149,214.3510395,0.210908443,64.37
Jan-2018,0.96044,98.8324210872549,-0.745,106.8466292,215.5136883,3271.916416,231.2574928,36.071,109.9243,1.41,141.5574,278.8717392,-47056,214.6453799,0.220918192,69.08
Feb-2018,0.93548,98.9899824214329,-0.7446,106.9775313,215.8538944,2822.472344,231.2822,38.467,110.2425,1.57,142.1993,279.727883,-49149,214.8992831,0.219523071,65.32
Mar-2018,0.94800,99.1167870905038,-0.7354,107.0685362,215.7245495,2977.572008,231.2979008,36.553,110.9458,1.7,142.5208,280.861369,-43981,215.4857293,0.226820712,66.02
Apr-2018,0.96873,99.2012346505577,-0.7282,107.15086,216.2203022,5361.799659,232.167481,37.483,112.1512,1.76,143.0874,281.4723261,-45105,215.9725619,0.308707487,72.11
May-2018,0.99694,99.2345057221107,-0.7348,107.34111,217.25922,5507.548605,233.1262229,35.433,111.2091,1.86,143.6825,282.7806584,-41185,216.7730434,0.244144008,76.98
Jun-2018,0.98997,99.2150533467267,-0.7316,107.3873239,215.9901016,5039.403097,231.4828507,35.108,112.0374,1.9,143.9115,283.9804655,-44871,217.7317117,0.258384791,74.40
Jul-2018,0.99476,99.1567934488337,-0.7278,107.5171907,217.3488464,2601.593762,234.2767317,36.334,112.3008,1.96,143.9212,284.565296,-49512,218.2484469,0.258327221,74.25
Aug-2018,0.98799,99.0790630398317,-0.7284,107.5176423,218.5200204,1922.486377,235.6816499,35.808,112.9716,2.03,144.0011,285.4174203,-49738,218.5908563,0.256903774,72.53
Sep-2018,0.96826,98.9994929267461,-0.7358,107.5474121,217.8639384,1646.311568,234.7078956,37.624,112.9343,2.13,144.1685,286.0323968,-51773,219.4208665,0.25825031,78.89
Oct-2018,0.99400,98.9284726151448,-0.7454,107.6707758,219.3025359,2491.09076,237.0510539,36.523,112.7780,2.25,144.4232,286.1791069,-52345,220.0133151,0.281003587,81.03
Nov-2018,1.00109,98.8715505628112,-0.7382,107.6444355,220.9725818,2482.265037,238.6092093,35.425,112.6970,2.33,143.9395,286.5529161,-50547,220.1417466,0.27910104,64.75
Dec-2018,0.99188,98.8313437368005,-0.7134,107.5035849,221.2570573,2337.855823,240.9120498,31.604,112.6474,2.37,143.4797,288.9424816,-55687,222.025403,0.285912589,57.36
Jan-2019,0.98973,98.8085532504149,-0.713,107.4228533,222.6636306,1448.961872,243.6816603,30.404,112.0350,2.37,143.7533,290.3412517,-48818,223.0489518,0.304211167,59.41
Feb-2019,1.00143,98.8034353098789,-0.7156,107.5731188,223.5536563,1490.06161,244.1499268,30.144,111.4121,2.39,144.3609,291.2054343,-48032,223.8887633,0.304254741,63.96
Mar-2019,1.00052,98.8161412093438,-0.7122,107.8334809,223.791551,1852.25379,244.193628,26.549,111.5591,2.4,145.1753,292.1479963,-49777,224.8369626,0.303433906,66.14
Apr-2019,1.00843,98.8459097096305,-0.7138,107.9326652,224.1417387,3373.785248,244.8160554,27.977,110.8984,2.38,145.9440,292.8714981,-50074,225.5695944,0.302337517,71.23
May-2019,1.01073,98.8916915752025,-0.713,108.0437342,224.8622852,3749.477188,245.8121504,24.318,111.1127,2.35,146.2547,294.8772057,-51904,226.8693072,0.303676232,71.32
Jun-2019,0.98798,98.9516618634822,-0.7256,108.0747597,224.0121859,3817.576444,244.1774332,23.527,111.0390,2.17,146.2838,297.2627517,-50390,228.3250901,0.304163466,64.22
Jul-2019,0.98803,99.0216908096615,-0.768,107.8484158,224.476538,2928.890495,244.8779089,23.284,110.6842,2.1,146.5283,298.6876482,-49959,229.4980937,0.304122873,63.92
Aug-2019,0.97874,99.0964443978315,-0.8554,107.8248445,224.7770257,2868.698775,244.7511678,23.571,111.3690,1.95,146.5208,300.2291089,-50388,230.7581205,0.280472239,59.04
Sep-2019,0.99057,99.1698670851004,-0.7632,107.7106049,223.7934225,2987.808764,251.2595256,23.267,110.9635,1.89,146.6356,302.0639897,-48262,232.3052169,0.2673734,62.83
Oct-2019,0.99305,99.2354292243417,-0.7594,107.3864356,223.5093629,3948.836874,251.3669334,23.541,110.0418,1.65,146.9709,304.6083042,-42720,234.1529531,0.256879745,59.71
Nov-2019,0.99286,99.2844120527155,-0.7228,107.508794,224.1103382,3929.587968,252.4390668,23.519,110.6091,1.54,146.8921,306.5718075,-40596,235.9063589,0.232156039,63.21
Dec-2019,0.98258,99.3048608054859,-0.6884,107.6646615,222.9790906,3592.678459,251.3687984,23.292,110.2082,1.54,146.7584,308.0730737,-45421,237.160231,0.233385764,67.22
Jan-2020,0.96980,99.2818432403866,-0.69,107.6205606,222.8249997,2340.51499,254.5276329,23.269,109.6376,1.52,147.3278,309.6989429,-45452,238.1893405,0.234224769,63.65
,,,,,,,,,,,,,,,,
,,,,,,,,,,,,,,,,
,,,,,,,,,,,,,,,,
,,,,,,,,,,,,,,,,
,,,,,,,,,,,,,,,,
,,,,,,,,,,,,,,,,
,,,,,,,,,,,,,,,,
,,,,,,,,,,,,,,,,
,,,,,,,,,,,,,,,,
,,,,,,,,,,,,,,,,
,,,,,,,,,,,,,,,,
,,,,,,,,,,,,,,,,
,,,,,,,,,,,,,,,,
,,,,,,,,,,,,,,,,
,,,,,,,,,,,,,,,,
,,,,,,,,,,,,,,,,
,,,,,,,,,,,,,,,,
,,,,,,,,,,,,,,,,
,,,,,,,,,,,,,,,,
,,,,,,,,,,,,,,,,
,,,,,,,,,,,,,,,,