Date,EXCHUS,HN_GDP,HN_IR,HN_CPI,HN_M3,HN_BOP,HN_DM3,HN_UC,US_GDP,US_IR,US_CPI,US_M3,US_BOP,US_DM3,US_UC,OIL_Avg
2002-01-01,8.2764,98.00,3.24,0.30,11.98398,8.92,101.29,100.3,92.2054,5.15,73.8766,100,-35202,100.00,0.29,25.62
2002-02-01,8.2771,98.01,2.70,1.10,12.12253,8.81,101.968643,104.18161,91.5813,4.88,74.1719,101,-29301,100.91,0.32,27.50
2002-03-01,8.2767,98.08,2.70,-1.30,12.29036,8.13,103.7327005,96.31589845,91.3567,4.42,74.3407,102,-32812,102.02,0.34,24.50
2002-04-01,8.2773,98.17,2.70,-0.30,12.41944,5.36,104.0542719,96.03658234,91.0720,3.87,74.6360,103,-30521,103.53,0.22,25.66
2002-05-01,8.2772,98.28,2.70,-0.30,12.56541,4.74,104.7410301,95.74847259,90.5335,3.62,74.9735,103,-27095,104.08,0.26,28.31
2002-06-01,8.277,98.38,2.70,-0.90,12.73287,4.72,106.668265,94.88673634,90.0322,3.49,75.1001,104,-29151,105.11,0.28,27.85
2002-07-01,8.2767,98.49,2.70,-0.70,12.8969,5.12,107.4256097,94.22252918,89.4778,3.51,74.8891,105,-29902,105.90,0.30,24.61
2002-08-01,8.2768,98.60,2.70,0.30,13.08132,6.45,108.7039745,94.50519677,89.3838,3.36,74.8891,105,-28094,106.88,0.31,25.68
2002-09-01,8.2767,98.71,2.70,1.00,13.29609,8.53,111.3454811,95.45024874,88.9262,2.64,75.2267,107,-30217,109.56,0.35,25.62
2002-10-01,8.277,98.82,2.70,0.20,13.50192,15.46,111.6461139,95.64114924,88.6365,2.16,74.9735,107,-30588,109.66,0.14,20.54
2002-11-01,8.2772,98.92,2.70,-0.10,13.67663,15.95,113.0863487,95.54550809,88.1058,1.87,74.8470,108,-30003,111.56,0.17,18.80
2002-12-01,8.2772,99.02,2.70,0.30,13.87623,14.10,116.8181982,95.83214461,88.0897,1.69,74.5516,109,-27488,111.72,0.19,18.71
2003-01-01,8.2777,99.11,2.70,1.10,14.17564,4.10,120.6731988,96.8862982,88.6706,1.65,74.7204,110,-29678,111.96,0.16,19.42
2003-02-01,8.2775,99.19,2.70,0.90,14.39742,1.94,119.9008903,97.75827489,88.6723,1.72,75.0157,110,-32501,113.30,0.16,20.28
2003-03-01,8.278,99.25,2.70,-0.60,14.5409,1.79,122.3948288,97.17172524,89.3624,1.79,75.4376,110,-31161,113.55,0.16,23.70
2003-04-01,8.2773,99.32,2.70,-0.20,14.75948,7.14,123.2638321,96.97738179,89.7933,1.71,75.8595,110,-33965,114.08,0.17,25.73
2003-05-01,8.2772,99.42,2.70,-0.70,15.02575,8.43,124.9278938,96.29854011,90.1629,1.73,75.8595,111,-34026,114.52,0.18,25.35
2003-06-01,8.2769,99.54,2.70,-1.20,15.32131,9.12,127.9011777,95.14295763,90.9078,1.70,75.9017,111,-34732,115.08,0.18,24.08
2003-07-01,8.2771,99.68,2.70,-0.50,15.57001,6.25,128.5023133,94.66724285,90.8761,1.68,75.9861,112,-33913,116.08,0.18,25.74
2003-08-01,8.2773,99.84,2.70,0.70,15.84684,8.00,130.5455,95.32991355,90.7850,1.62,76.2393,113,-36385,116.92,0.18,26.65
2003-09-01,8.277,100.01,2.70,1.20,16.0943,11.40,133.0258645,96.47387251,90.8931,1.63,76.3658,114,-36088,117.41,0.18,28.40
2003-10-01,8.2772,100.17,2.70,0.90,16.30474,23.87,133.5180602,97.34213736,90.6289,1.58,76.4924,115,-35095,117.55,0.19,27.54
2003-11-01,8.2768,100.33,2.70,1.00,16.50522,24.97,134.8131854,98.31555873,91.1366,1.23,76.4924,116,-39515,118.99,0.21,24.34
2003-12-01,8.2769,100.46,2.70,0.60,16.66751,22.14,138.3992161,98.90545209,90.6374,1.19,76.3236,116,-43607,119.30,0.22,28.33
2004-01-01,8.277,100.54,2.70,1.10,16.87099,6.75,141.1118408,99.99341206,91.3852,1.17,76.6612,117,-41156,120.11,0.20,31.18
2004-02-01,8.277,100.57,2.70,-0.20,17.11082,2.51,141.9585118,99.79342524,91.4940,1.17,77.2518,117,-40082,120.88,0.20,32.77
2004-03-01,8.2771,100.53,2.70,0.30,17.34709,0.80,144.8544655,100.0928055,91.2210,1.13,77.7159,118,-43806,121.16,0.20,30.61
2004-04-01,8.2771,100.45,2.70,0.50,17.57677,3.66,145.9988157,100.5932695,90.6448,1.13,77.5472,119,-42037,121.27,0.17,25.07
2004-05-01,8.2769,100.34,2.70,-0.10,17.7709,5.48,146.1448146,100.4926763,90.6163,1.07,77.4206,120,-41045,122.64,0.18,25.86
2004-06-01,8.2771,100.24,2.70,-0.70,17.90881,8.30,148.1031551,99.78922753,90.7372,0.92,77.5050,121,-39696,123.88,0.17,27.65
2004-07-01,8.2767,100.14,2.70,-0.20,18.04361,11.41,147.629225,99.58964908,91.2028,0.90,77.5894,121,-41321,124.73,0.17,28.35
2004-08-01,8.2767,100.07,2.70,0.70,18.17476,16.76,148.5592891,100.2867766,91.0119,0.95,77.8847,123,-39892,124.57,0.17,29.89
2004-09-01,8.2768,100.01,2.70,1.10,18.34886,23.64,151.5898986,101.3899312,91.6355,0.94,78.1379,122,-41842,124.32,0.17,27.11
2004-10-01,8.2767,99.96,3.33,0.00,18.57358,40.61,151.1199699,101.3899312,91.7372,0.92,78.0535,122,-41388,124.58,0.17,29.61
2004-11-01,8.2765,99.91,3.33,-0.30,18.81177,44.15,153.3263215,105.982895,92.3505,0.93,77.8425,122,-39898,124.70,0.17,28.75
2004-12-01,8.2765,99.87,3.33,0.10,19.07006,42.80,157.7267869,106.0888779,92.4019,0.90,77.7581,122,-44080,124.96,0.17,29.81
2005-01-01,8.2765,99.84,3.33,0.60,19.32659,26.47,160.5816417,106.7254112,92.5643,0.88,78.1379,122,-44645,125.68,0.21,31.28
2005-02-01,8.2765,99.82,3.33,1.80,19.56876,22.94,161.7057132,108.6464686,93.1092,0.93,78.5598,123,-44552,126.27,0.21,30.86
2005-03-01,8.2765,99.82,3.33,-0.90,19.81379,22.11,165.0206804,107.6686504,92.7403,0.94,79.0661,124,-46754,127.56,0.21,33.63
2005-04-01,8.2765,99.83,3.33,-0.30,20.07225,27.78,166.3573479,107.3456444,93.1255,0.94,79.3192,124,-47283,128.50,0.16,33.59
2005-05-01,8.2765,99.85,3.33,-0.20,20.32652,29.48,166.5237052,107.1309532,93.7970,1.02,79.7833,126,-47553,129.10,0.16,37.57
2005-06-01,8.2765,99.88,3.33,-0.80,20.61558,31.00,170.153922,106.2739055,93.0677,1.27,80.0365,126,-54169,130.28,0.16,35.18
2005-07-01,8.2765,99.93,3.33,0.00,20.91055,30.94,169.4733063,106.2739055,93.7646,1.33,79.9099,126,-51606,130.51,0.18,38.22
2005-08-01,8.2264,99.98,3.33,0.20,21.21715,33.19,172.1848792,106.4864533,93.8516,1.48,79.9521,127,-53647,131.08,0.19,42.74
2005-09-01,8.1017,100.04,3.33,0.70,21.59169,36.34,176.5239382,107.2318585,93.9393,1.65,80.1208,128,-51686,132.05,0.19,43.20
2005-10-01,8.0919,100.09,3.33,0.40,21.93075,45.11,175.5354041,107.6607859,94.8012,1.76,80.5427,128,-55058,132.31,0.27,49.78
2005-11-01,8.0895,100.12,3.33,-0.30,22.24324,46.51,179.3269688,107.3378036,95.0379,2.07,80.5849,129,-58967,132.61,0.26,43.11
2005-12-01,8.084,100.15,3.33,0.40,22.54896,45.27,184.2943259,107.7671548,95.7433,2.19,80.2896,129,-54918,133.75,0.25,39.60
2006-01-01,8.0755,100.17,3.33,1.30,22.8051,34.13,183.0042656,111.4204614,96.1164,2.33,80.4584,129,-56189,133.49,0.28,44.51
2006-02-01,8.0654,100.20,3.33,0.50,23.01066,33.03,182.9859652,111.9775637,96.8200,2.54,80.9225,129,-58094,133.84,0.27,45.48
2006-03-01,8.0512,100.22,3.33,-0.90,23.24656,34.72,186.2797125,119.6704223,96.6725,2.74,81.5553,129,-53134,134.23,0.26,53.10
2006-04-01,8.035,100.23,3.33,0.20,23.55835,42.96,188.4033013,119.7900927,96.8638,2.78,82.1038,130,-57312,134.79,0.26,51.88
2006-05-01,8.0143,100.25,3.33,-0.10,23.87524,47.41,190.2119729,124.8452346,96.9622,2.84,82.0194,130,-56040,135.77,0.27,48.65
2006-06-01,8.0131,100.26,3.33,-0.50,24.16905,51.82,193.5787249,126.7179131,97.3530,2.97,82.0616,131,-58152,136.37,0.26,54.35
2006-07-01,8.0042,100.28,3.33,-0.30,24.42949,53.75,194.3336819,127.9850923,97.0425,3.22,82.4413,131,-58301,136.84,0.36,57.52
2006-08-01,7.9897,100.32,3.33,0.30,24.73848,59.94,197.0737868,122.5969199,97.3856,3.44,82.8633,132,-58745,137.78,0.35,63.98
2006-09-01,7.9722,100.38,3.33,0.50,25.05982,67.93,199.9510641,133.2873713,95.5090,3.42,83.8758,133,-64882,138.56,0.34,62.91
2006-10-01,7.9334,100.46,3.33,0.10,25.39048,87.96,200.4709369,133.4206587,96.6445,3.71,84.0446,133,-67265,139.75,0.32,58.54
2006-11-01,7.9018,100.57,3.33,0.30,25.75198,91.90,204.0994608,133.8209206,97.6736,3.88,83.3695,134,-63859,140.67,0.32,55.24
2006-12-01,7.8622,100.68,3.33,1.40,26.11119,89.99,209.5489164,136.336754,98.2108,3.89,83.0320,134,-64568,140.87,0.32,56.86
2007-01-01,7.8219,100.81,3.33,0.70,26.43659,67.99,212.7759697,137.2911112,98.3353,4.24,83.6649,135,-66967,141.47,0.33,62.99
2007-02-01,7.7876,100.92,3.33,1.00,26.87182,65.02,217.0953219,138.6777515,98.3412,4.43,83.8336,136,-62308,141.85,0.34,60.21
2007-03-01,7.7502,101.03,3.33,-0.30,27.28619,66.85,220.199785,137.2493706,98.5915,4.51,84.2978,136,-62397,142.14,0.34,62.06
2007-04-01,7.7369,101.14,3.33,-0.10,27.57543,81.09,221.8733034,141.2707772,98.9042,4.60,85.0150,137,-62603,142.57,0.35,70.26
2007-05-01,7.7247,101.25,3.33,0.30,27.89254,86.85,222.6720473,140.4514067,98.8999,4.72,85.4369,137,-64818,143.03,0.37,69.78
2007-06-01,7.6773,101.36,3.33,0.40,28.22035,91.71,227.7267028,144.5244975,99.2090,4.79,85.6057,138,-63800,143.65,0.37,68.56
2007-07-01,7.6333,101.46,3.33,0.90,28.70885,95.82,229.502971,149.3227108,99.1473,4.95,85.8588,138,-66909,144.58,0.43,73.67
2007-08-01,7.5757,101.57,3.33,1.20,29.2167,98.81,233.1750186,151.0100574,99.5815,4.96,86.0276,139,-68277,145.25,0.43,73.23
2007-09-01,7.5734,101.66,3.33,0.30,29.65757,100.81,237.7219314,152.656067,99.4133,4.81,85.6057,140,-65095,145.70,0.43,61.96
2007-10-01,7.521,101.74,3.33,0.30,30.12945,103.83,237.05631,151.3737561,99.2931,4.92,85.1416,141,-59538,146.59,0.38,57.81
2007-11-01,7.5019,101.79,3.33,0.70,30.57164,102.36,241.3707349,152.5998835,99.2376,4.94,85.0150,141,-58939,147.92,0.38,58.76
2007-12-01,7.421,101.80,3.33,1.00,30.78556,98.40,246.3188349,152.4320236,100.2526,4.85,85.1416,142,-61882,148.54,0.38,62.47
2008-01-01,7.3682,101.76,4.14,1.20,31.19441,83.81,253.1172348,155.1605568,99.8600,4.98,85.4015,143,-58014,148.97,0.38,53.68
2008-02-01,7.2405,101.66,4.14,2.60,31.74262,80.99,255.294043,159.1792153,100.8096,5.03,85.8584,143,-58479,149.44,0.38,57.56
2008-03-01,7.1644,101.49,4.14,-0.70,31.83541,81.79,257.0045131,158.1286324,101.0257,4.94,86.6402,144,-62183,150.06,0.38,62.05
2008-04-01,7.0722,101.26,4.14,0.10,32.07791,90.89,260.4997745,158.3183868,101.7497,4.87,87.2030,145,-60494,151.71,0.38,67.49
2008-05-01,6.9997,100.97,4.14,-0.40,32.69492,95.43,262.9745223,157.5584585,101.8148,4.73,87.7359,146,-59572,151.92,0.38,67.21
2008-06-01,6.9725,100.60,4.14,-0.20,33.1325,100.09,266.4194886,157.2590975,101.8424,4.61,87.9059,146,-59997,152.62,0.38,71.05
2008-07-01,6.8993,100.18,4.14,0.10,33.48122,103.71,267.1388212,157.4635343,101.7209,4.82,87.8836,147,-60246,153.53,0.41,76.93
2008-08-01,6.8355,99.72,4.14,-0.10,33.90731,109.48,269.890351,157.2903244,101.9639,4.2,87.72239966,148.402267,-57214,155.3284503,0.419788786,70.76
2008-09-01,6.8462,99.25,4.14,0.00,34.2948,116.25,273.2909695,157.2431373,102.2023,3.89,87.96415447,148.770047,-58158,156.8283759,0.415709008,77.17
2008-10-01,6.8307,98.80,4.14,-0.30,34.72466,138.52,273.2909695,148.0129652,101.8873,3.9,88.15232663,149.0433699,-57666,158.1569209,0.317343086,82.34
2008-11-01,6.8358,98.42,3.06,-0.80,35.16728,136.39,276.4064865,145.1415136,102.4717,3.27,88.67591776,149.543792,-60682,159.5713442,0.341640718,92.41
2008-12-01,6.8281,98.14,2.79,-0.20,35.84981,124.36,288.0431996,137.8699238,102.4621,3,88.61642836,150.1487198,-58290,159.7593658,0.349228073,90.93
2009-01-01,6.8539,97.97,2.79,0.90,36.93256,83.60,298.067103,136.7531774,102.3148,2.75,89.05690309,150.8259978,-61339,160.4760076,0.257995577,92.18
2009-02-01,6.836,97.93,2.79,0.00,37.97604,65.92,303.2236638,136.7395021,101.9384,2.12,89.31553433,152.5282367,-64225,162.2323372,0.245900716,94.99
2009-03-01,6.8363,98.01,2.79,-0.30,39.08728,52.47,316.1409919,136.3292836,101.5904,1.26,90.0897404,153.8506371,-60200,164.982696,0.287896132,103.64
2009-04-01,6.836,98.17,2.79,-0.20,40.23365,43.97,321.3573183,136.056625,100.9098,1.29,90.63611471,154.71281,-63733,164.985631,0.224224219,109.07
2009-05-01,6.8306,98.39,2.79,-0.30,41.08248,38.46,325.6313706,135.6484552,100.3073,1.73,91.3993511,154.955987,-62310,165.0290683,0.231729048,122.80
2009-06-01,6.8235,98.64,2.79,-0.50,42.03027,36.64,337.3215368,134.9159535,100.0853,1.86,92.32038208,155.3076892,-60889,165.1894269,0.225583295,132.32
2009-07-01,6.8334,98.89,2.79,0.00,42.97792,37.56,339.4466625,134.8754787,99.6124,1.63,92.80515744,156.2402026,-66989,165.8168891,0.228817301,132.72
2009-08-01,6.8317,99.13,2.79,0.50,43.59607,43.87,342.8750738,135.6038063,98.0601,1.72,92.43471987,156.5416616,-62394,165.776957,0.228481428,113.24
2009-09-01,6.8323,99.35,2.79,0.40,44.21711,54.62,350.3154629,136.09198,93.8451,1.13,92.30688094,157.9464609,-60292,167.0636871,0.308641904,97.23
2009-10-01,6.8277,99.54,2.79,-0.10,44.94162,92.21,350.770873,135.9831064,94.7036,0.67,91.37445837,160.1189758,-60879,166.3844696,0.50141893,71.58
2009-11-01,6.8267,99.69,2.79,0.30,45.59056,95.01,353.9628879,136.7038169,93.4737,0.19,89.62437294,161.1379075,-45132,165.2091756,0.267502508,52.45
2009-12-01,6.8271,99.81,2.79,1.00,46.08965,85.43,365.1481152,135.1590637,90.8250,0.03,88.69743521,164.6790466,-43967,164.023322,0.27502656,39.95
2010-01-01,6.8275,99.89,2.79,0.59,46.83223,34.42,373.6195515,135.2401592,88.5830,0.13,89.08348346,166.310945,-39343,166.8546389,0.217302083,43.44
2010-02-01,6.8269,99.94,2.79,1.21,47.81712,21.87,378.9623111,136.8765651,88.0069,0.3,89.52648966,166.8977853,-28778,166.5193865,0.219665843,43.32
2010-03-01,6.8285,99.97,2.79,-0.71,48.45417,18.71,386.8826234,136.1784946,86.6045,0.21,89.74419556,168.2221954,-30193,166.0705793,0.226306495,46.54
2010-04-01,6.8262,99.98,2.79,0.20,49.05105,34.53,394.8524054,136.0150804,85.9406,0.16,89.96823013,168.2885164,-30473,164.6819656,0.20754533,50.18
2010-05-01,6.8256,99.97,2.79,-0.10,49.77767,43.02,398.8009295,134.1380723,85.0635,0.18,90.2281271,169.4481289,-25839,166.1426455,0.152188848,57.30
2010-06-01,6.8275,99.97,2.79,-0.60,50.26099,53.74,406.0989865,132.5686569,84.7841,0.18,91.00317699,169.639053,-27152,166.3883958,0.154555396,68.61
2010-07-01,6.8184,99.98,2.79,0.40,50.77944,74.87,405.6522776,135.1670026,85.7471,0.18,90.85888354,169.7375296,-33307,165.7955931,0.140751801,64.44
2010-08-01,6.7762,100.00,2.79,0.60,51.70747,83.93,413.6030622,134.8426017,86.7094,0.17,91.06266639,169.7294907,-31674,164.8261493,0.143903533,72.51
2010-09-01,6.7873,100.05,2.79,0.60,52.64408,89.09,421.1719983,135.7055944,87.4072,0.12,91.11962433,169.7134129,-35247,162.81398,0.147708661,67.65
2010-10-01,6.7396,100.13,2.79,0.70,53.51728,98.30,422.5618658,136.1534229,87.6595,0.07,91.20738175,170.2540295,-34959,161.8604439,0.215991238,72.77
2010-11-01,6.6678,100.23,2.79,1.10,54.4231,89.71,428.5622443,140.6192551,88.0061,0.05,91.27193408,170.8589574,-38381,160.590405,0.21741214,76.66
2010-12-01,6.6538,100.35,3.25,0.50,55.05651,71.26,439.7477189,137.061588,88.2819,0.05,91.11118612,170.7544515,-39426,160.0863761,0.221535662,74.46
2011-01-01,6.6497,100.48,3.25,1.00,55.45617,10.97,446.9595815,139.0763933,89.2744,0.06,91.42255619,169.992765,-37744,159.7598287,0.277719928,76.17
2011-02-01,6.5964,100.61,3.25,1.20,55.77715,-3.21,446.2444462,145.9884901,89.5648,0.11,91.44533936,170.9915993,-41504,159.4410706,0.278288574,73.75
2011-03-01,6.5761,100.72,3.25,-0.20,56.31684,-3.26,460.5242685,147.2585899,90.2296,0.15,91.82083986,170.9313075,-40271,157.3321922,0.27878328,78.83
2011-04-01,6.5645,100.82,3.25,0.10,56.89611,36.10,460.0637442,146.9051693,90.5689,0.16,91.98032209,171.546284,-41496,157.6190226,0.238635382,84.82
2011-05-01,6.5267,100.90,3.25,0.10,57.37191,45.34,463.8822733,144.7897349,91.8247,0.16,92.05162499,172.6496242,-42088,158.2608715,0.238417986,75.95
2011-06-01,6.4957,100.96,3.25,0.30,58.01869,49.75,476.2215417,143.6603749,92.0070,0.12,91.96175802,173.0314723,-47316,156.3533692,0.23962576,74.76
2011-07-01,6.4746,100.99,3.25,0.50,58.55558,41.78,470.125906,147.8265258,92.3967,0.16,91.98116591,173.2264159,-41609,158.5832226,0.291845227,75.58
2011-08-01,6.4575,101.00,3.25,0.30,59.06928,42.16,474.7801525,148.9647901,92.7118,0.16,92.10816102,174.2373086,-45619,160.0410769,0.292579176,77.04
2011-09-01,6.4036,100.98,3.25,0.50,59.62149,43.35,478.0561355,146.5813534,92.9252,0.15,92.16174367,174.860324,-44333,159.7227874,0.293681562,77.84
2011-10-01,6.3885,100.95,3.25,0.10,61.43496,50.26,490.7246231,145.5552839,92.7115,0.13,92.27650337,175.8471,-40646,161.8123093,0.248735632,82.66
2011-11-01,6.371,100.89,3.25,-0.20,63.38752,49.39,494.8957824,146.879837,92.7535,0.14,92.31531915,176.2631135,-38739,161.5344146,0.24939749,85.27
2011-12-01,6.3564,100.83,3.25,0.30,64.24319,45.64,514.1472283,147.3204765,93.6492,0.14,92.47395756,176.900197,-41721,160.4492377,0.250732869,91.45
2012-01-01,6.3482,100.77,3.25,1.50,64.82116,27.74,511.5250775,151.0182205,93.4768,0.15,92.9144323,177.3222396,-48123,159.7904566,0.190352301,96.52
2012-02-01,6.3172,100.70,3.25,-0.10,65.41077,26.71,515.4638206,151.909228,93.0617,0.13,93.37262728,178.6044455,-44753,160.753056,0.190518175,103.72
2012-03-01,6.2997,100.63,3.25,0.20,66.48534,31.26,532.3710339,151.3775457,94.0244,0.1,94.28311049,179.7379316,-44312,162.0728363,0.191105047,114.64
2012-04-01,6.3125,100.57,3.25,-0.10,67.08028,50.82,528.4847253,149.9091835,93.7011,0.06,94.89023994,180.9739137,-42685,163.6903452,0.204456898,123.26
2012-05-01,6.3043,100.51,3.25,-0.30,67.52429,59.49,534.5094512,153.5070039,93.8490,0.04,95.33662142,182.3927811,-47725,165.873977,0.204855019,114.99
2012-06-01,6.3242,100.45,3.25,-0.60,68.55728,66.69,552.8965763,147.9807518,94.0844,0.04,95.23451904,183.9161542,-49882,164.515325,0.205517462,113.83
2012-07-01,6.3633,100.41,3.25,0.10,69.49875,76.65,547.2570313,147.7587807,94.5881,0.04,95.31890118,187.246272,-46070,165.5273891,0.192206425,116.97
2012-08-01,6.3717,100.37,3.25,0.60,70.10145,77.74,550.1574935,150.0785935,95.1605,0.02,95.58175152,191.096909,-45052,165.9780551,0.191631681,110.22
2012-09-01,6.3593,100.34,3.25,0.31,71.00095,74.19,563.3612734,148.322674,95.0855,0.01,95.72688879,191.5209615,-43477,166.0234795,0.191691937,112.83
2012-10-01,6.32,100.33,3.25,-0.10,71.9157,57.75,558.1220135,147.5365638,95.6902,0.02,95.5294346,192.2002492,-45509,165.9811942,0.247696586,109.55
2012-11-01,6.2627,100.32,3.25,0.10,72.58514,51.10,562.1963042,148.9676685,95.7307,0.01,95.44884966,193.2191808,-47460,166.5763614,0.247544588,110.77
2012-12-01,6.2338,100.32,3.25,0.80,73.51534,46.01,588.5070913,144.8263673,96.2047,0.01,95.21342351,194.1778207,-49473,166.0993934,0.248232024,107.87
2013-01-01,6.2328,100.32,3.25,1.00,74.64398,42.70,599.1002189,151.4594149,96.7772,0.03,95.6323808,195.6589895,-50126,167.183275,0.228695098,110.69
2013-02-01,6.2215,100.33,3.25,1.10,75.58743,40.52,598.4412087,147.4154485,97.0510,0.09,96.05344764,196.8226215,-42780,168.193508,0.228327847,119.33
2013-03-01,6.2323,100.35,3.25,-0.90,76.81239,39.72,622.4387011,149.862545,96.5714,0.08,96.78293118,197.7812613,-49749,168.4235396,0.227198539,125.45
2013-04-01,6.2154,100.37,3.25,0.20,77.81362,43.85,617.9571425,151.7807855,97.3139,0.08,97.07531527,198.8423972,-46842,169.0448851,0.228489268,119.42
2013-05-01,6.1861,100.40,3.25,-0.60,78.28904,43.11,622.3446382,145.1934994,97.4669,0.09,96.96139939,199.7407452,-45106,168.7341447,0.228448186,110.34
2013-06-01,6.1416,100.43,3.25,0.00,78.77515,41.05,631.4931044,143.9157967,97.4577,0.09,96.8192155,201.0189316,-42941,170.1763944,0.228309712,95.16
2013-07-01,6.1342,100.46,3.25,0.10,79.37891,34.55,627.3883992,147.0099863,97.6786,0.1,96.66142091,202.1684955,-42406,171.2815666,0.221473535,102.62
2013-08-01,6.1343,100.49,3.25,0.50,80.2504,32.24,632.7839394,150.141299,97.2842,0.1,97.19935701,203.372322,-44030,171.6135123,0.2217736,113.36
2013-09-01,6.1213,100.52,3.25,0.80,81.22604,30.98,644.1107719,151.297387,97.2295,0.11,97.63308117,204.9399092,-38794,173.2221411,0.220967481,112.86
2013-10-01,6.1198,100.54,3.25,0.10,82.10634,36.01,639.7952298,147.878066,97.5344,0.1,97.59510921,206.2140761,-41467,173.4439735,0.183130715,111.71
2013-11-01,6.1032,100.56,3.25,-0.10,82.83911,32.93,644.4017554,151.1757469,97.9837,0.09,97.13269512,207.4882431,-45332,174.8166121,0.184501177,109.06
2013-12-01,6.0929,100.57,3.25,0.30,83.73379,26.97,664.1848893,153.7910873,98.2122,0.07,96.87111051,210.1330439,-36334,177.4369848,0.184642915,109.49
2014-01-01,6.0738,100.57,3.25,1.00,84.70181,0.02,667.8379062,149.930931,98.1664,0.07,97.15758785,210.6415049,-40135,177.3411608,0.195798989,112.96
2014-02-01,6.0509,100.56,3.25,0.50,85.60117,1.91,669.7746361,157.8622773,98.6458,0.1,97.95331137,210.8806624,-41004,176.6479109,0.195530749,116.05
2014-03-01,6.0816,100.56,3.25,-0.50,86.62496,14.52,690.8725372,153.0790503,99.0597,0.09,98.20941114,212.2131115,-34314,176.4863412,0.195097518,108.47
2014-04-01,6.1729,100.54,3.25,-0.30,87.81058,62.07,690.5271009,153.9209851,98.9927,0.06,98.10730876,212.9044576,-38487,177.8987823,0.20184838,102.25
2014-05-01,6.2246,100.52,3.25,0.10,88.8024,77.96,697.2252138,154.5520611,99.0726,0.04,98.28197977,213.704329,-41701,177.9856699,0.203537193,102.56
2014-06-01,6.238,100.49,3.25,-0.10,89.93048,86.41,719.048363,152.4965187,99.2065,0.05,98.51782784,214.7594357,-34426,178.5051577,0.203858496,102.92
2014-07-01,6.2306,100.46,3.25,0.10,90.57265,78.23,705.6740634,152.4202704,98.9204,0.04,98.55664362,215.691949,-36356,178.8998666,0.163973006,107.93
2014-08-01,6.1984,100.42,3.25,0.20,90.67023,78.68,707.2265464,153.7463268,99.4996,0.04,98.67520051,216.7872503,-36617,179.0170613,0.164127722,111.28
2014-09-01,6.1541,100.38,3.25,0.49,91.09446,78.59,712.7429134,155.452911,100.0568,0.02,98.78996021,217.8262792,-39917,180.3770221,0.164163552,111.60
2014-10-01,6.1382,100.33,3.25,0.00,91.76791,77.01,709.5355703,155.4684563,99.9168,0.05,98.53554808,220.1073194,-36285,180.8824079,0.239210427,109.08
2014-11-01,6.1251,100.28,3.25,-0.20,92.59141,76.53,713.8637373,159.8215731,100.1762,0.07,98.3342967,220.213835,-33983,180.5929043,0.238611303,107.79
2014-12-01,6.1249,100.22,3.25,0.30,93.30079,76.20,729.5687395,144.9421846,100.3658,0.07,98.32585848,221.5442743,-33636,181.7607015,0.238983517,110.76
2015-01-01,6.1886,100.16,3.25,0.31,93.89987,76.09,736.0619013,146.8409273,100.0380,0.04,98.69165503,222.6757506,-37433,181.6270686,0.175417629,108.12
2015-02-01,6.2181,100.10,3.25,1.20,94.81915,76.02,741.0671222,146.8556113,100.7918,0.05,99.05660775,224.5387676,-40119,183.0158858,0.175406683,108.90
2015-03-01,6.2518,100.04,3.25,-0.50,95.74342,76.04,752.8500895,144.5352927,101.7782,0.05,99.69453668,225.3064834,-42940,183.6502513,0.175089262,107.48
2015-04-01,6.2386,99.98,3.25,-0.20,96.57549,77.62,751.7960993,149.4205856,101.8337,0.03,100.0232051,226.3575706,-43735,183.8580284,0.175412601,107.76
2015-05-01,6.201,99.93,3.25,-0.20,97.94714,76.75,762.6971428,149.1366865,102.2325,0.03,100.3725471,227.6940391,-39575,184.868532,0.175392001,109.54
2015-06-01,6.2035,99.87,3.25,0.00,99.41924,74.89,782.1459199,146.0197297,102.5722,0.04,100.5594535,228.7149805,-38895,185.1939804,0.174733754,111.80
2015-07-01,6.2052,99.82,3.25,0.30,101.2888,67.10,789.419877,146.954256,102.8479,0.03,100.5202158,229.8605249,-38935,185.2394434,0.190495135,106.77
2015-08-01,6.2085,99.77,3.25,0.50,102.6123,66.97,795.577352,146.6603475,102.6491,0.03,100.3522954,230.4453555,-36935,185.3406945,0.190703287,101.61
2015-09-01,6.3383,99.73,3.25,0.10,103.0397,69.57,804.6469338,144.2404517,102.9858,0.02,100.4278174,231.1226335,-41672,185.4109979,0.190888257,97.09
2015-10-01,6.3676,99.69,3.25,-0.30,103.8956,86.48,804.3250751,143.0865281,102.9911,0.02,100.1755148,232.3666546,-41067,186.2921009,0.191572155,87.43
2015-11-01,6.3505,99.65,2.90,0.00,104.9367,85.81,811.7248658,141.2979465,103.6669,0.02,99.63462536,233.0921661,-39808,186.3207906,0.192371425,79.44
2015-12-01,6.364,99.62,2.90,0.50,105.8226,79.16,828.0405356,141.0859996,103.6139,0.03,99.06968698,234.6858797,-42838,188.1949994,0.191884966,62.34
2016-01-01,6.4491,99.59,2.90,0.50,106.7303,49.93,840.7923598,140.8320448,102.8479,0.03,98.6034757,236.0906789,-38871,189.1015393,0.17147665,47.76
2016-02-01,6.5726,99.56,2.90,1.60,107.6444,43.75,842.3898653,144.2824299,102.2292,0.02,99.03171502,238.6591101,-33888,190.6265544,0.171362937,58.10
2016-03-01,6.5501,99.54,2.90,-0.40,108.5233,44.05,860.5012474,142.2191912,101.8945,0.03,99.62112422,238.9927248,-48699,191.4316233,0.170796079,55.89
2016-04-01,6.5027,99.52,2.90,-0.20,109.4211,61.07,857.489493,144.011153,101.2859,0.02,99.82364134,239.7825475,-39853,190.9020626,0.182485329,59.52
2016-05-01,6.4754,99.51,2.90,-0.50,110.2642,66.60,865.4641453,143.017476,100.8408,0.02,100.3324656,240.3914948,-38573,191.2253402,0.183159728,64.08
2016-06-01,6.5259,99.49,2.90,-0.10,111.3419,70.90,884.9370886,142.1164659,100.5063,0.02,100.6839172,241.2978817,-42514,191.3323923,0.182819941,61.48
2016-07-01,6.5892,99.49,2.90,0.20,112.5014,82.70,882.370771,142.9691647,101.1831,0.03,100.6906678,242.2906869,-40395,192.6675013,0.203354095,56.56
2016-08-01,6.6771,99.49,2.90,0.10,113.6486,78.00,894.1945394,142.9548678,100.9115,0.07,100.548062,243.269424,-44269,194.3672236,0.202840422,46.52
2016-09-01,6.6466,99.50,2.90,0.70,114.7331,65.53,904.4777766,142.0685476,100.5680,0.02,100.3915331,244.3546766,-41711,193.7912523,0.203476131,47.62
2016-10-01,6.6702,99.51,2.90,-0.10,115.7832,24.95,905.3822543,142.6794424,100.1588,0.02,100.3463887,245.1163632,-40955,194.9495703,0.17909849,48.43
2016-11-01,6.7303,99.53,2.90,0.10,116.8109,12.20,913.2590799,140.0256047,99.4099,0.12,100.1345895,246.8125729,-40575,195.0454449,0.179249846,44.27
2016-12-01,6.8402,99.56,2.90,0.20,117.7696,6.94,929.058462,138.9194025,98.8329,0.23,99.79241995,248.0867398,-41116,195.6760809,0.176815193,38.01
2017-01-01,6.9198,99.59,2.90,1.00,118.7757,14.92,945.409891,142.5313069,99.4797,0.26,99.95738702,250.7315407,-40157,196.7418433,0.19872326,30.70
2017-02-01,6.8907,99.63,2.90,-0.20,119.5943,20.32,945.409891,139.381365,98.9583,0.31,100.0396596,252.3594196,-43455,198.2555558,0.198188109,32.18
2017-03-01,6.8694,99.67,2.90,-0.30,120.2932,28.90,961.5764001,139.3674269,98.1954,0.29,100.4704304,253.6496644,-36917,198.7297384,0.198456661,38.21
2017-04-01,6.894,99.71,2.90,0.10,121.0492,51.70,957.3454639,140.5381133,98.4673,0.23,100.9467675,255.2654849,-38127,199.411926,0.226816187,41.58
2017-05-01,6.8876,99.75,2.90,-0.10,121.4682,58.34,959.3558894,142.196463,98.2889,0.27,101.3551771,256.6079826,-39150,200.348359,0.227596064,46.74
2017-06-01,6.8843,99.79,2.90,-0.20,122.0975,59.87,1105.945469,128.9579723,98.7201,0.27,101.6880646,257.9565095,-41873,202.0311105,0.225787783,48.25
2017-07-01,6.8066,99.83,2.90,0.10,123.1019,44.14,1100.083958,127.2815187,98.8992,0.3,101.5235194,259.1342096,-40148,202.1116365,0.186413933,44.95
2017-08-01,6.7694,99.86,2.90,0.40,123.9585,44.57,1110.754773,124.2140341,98.7249,0.3,101.6167617,260.7319426,-40421,203.0145896,0.186269951,45.84
2017-09-01,6.667,99.89,2.90,0.50,125.0239,48.99,1127.52717,127.0212713,98.6060,0.29,101.8610479,261.9237108,-37237,202.8640294,0.185306197,46.57
2017-10-01,6.569,99.91,2.90,0.10,126.0675,83.04,1126.061384,128.6852499,98.6703,0.33,101.9880431,263.3867921,-38765,202.9518999,0.203792126,49.52
2017-11-01,6.6254,99.94,2.90,0.00,127.1524,76.27,1137.434604,128.7495925,98.2288,0.45,101.8294046,264.8860485,-44083,203.8441075,0.204857299,44.73
2017-12-01,6.62,99.96,2.90,0.30,127.9033,54.30,1150.287615,133.6935769,98.8958,0.51,101.8627356,265.691949,-41143,204.1592113,0.203639226,53.31
2018-01-01,6.5932,99.98,2.90,0.60,129.0859,-25.51,1166.851757,132.5304428,98.7446,0.51,102.4563639,267.1992443,-42946,205.0144099,0.224538236,54.58
2018-02-01,6.4233,100.01,2.90,1.20,130.5695,-45.91,1171.052423,134.6774359,98.3676,0.52,102.7787036,268.6181117,-39811,205.8427434,0.224389191,54.87
2018-03-01,6.3183,100.02,2.90,-1.10,131.1126,-49.54,1181.943211,129.0344514,99.1065,0.74,102.8622419,270.0108525,-41476,206.9140154,0.222976447,51.59
2018-04-01,6.3174,100.04,2.90,-0.20,131.7365,-10.63,1177.097244,121.9246531,100.0363,0.8,103.1672834,271.1764942,-44357,208.1210926,0.218895507,52.31
2018-05-01,6.2967,100.06,2.90,-0.20,132.2975,-0.04,1179.333729,132.2272863,100.1470,0.89,103.2554627,272.1974356,-44126,208.8601575,0.218599689,50.33
2018-06-01,6.3701,100.07,2.90,-0.10,132.8013,8.00,1198.556868,132.5578545,100.3042,0.98,103.3491269,272.7460911,-43001,209.4233068,0.214981262,46.37
2018-07-01,6.4651,100.08,2.90,0.30,133.9594,7.23,1196.759033,135.6597083,100.2092,1.07,103.277824,273.8876161,-42007,209.9355407,0.212682562,48.48
2018-08-01,6.7164,100.09,2.90,0.70,134.9996,14.84,1206.931485,138.6849198,99.7055,1.01,103.5870845,274.8723823,-41162,211.2128352,0.211744648,51.70
2018-09-01,6.8453,100.10,2.90,0.70,135.9704,24.58,1217.069709,138.6987883,99.7485,1.03,104.1355683,275.7084288,-41465,212.127409,0.211435302,56.15
2018-10-01,6.8551,100.11,2.90,0.20,136.975,47.68,1213.175086,137.1869715,100.9880,1.07,104.0697503,276.7735841,-41615,213.0659595,0.196667088,57.51
2018-11-01,6.9191,100.12,2.90,-0.30,137.9958,53.25,1224.942885,136.075757,101.2730,1.23,104.0722817,277.4649303,-44623,213.9530731,0.195994199,62.71
2018-12-01,6.9367,100.13,2.90,0.00,139.0737,52.52,1239.397211,141.8861918,101.3696,1.32,104.0111047,278.5220467,-46149,214.3510395,0.210908443,64.37
,,,,,,,,,101.3561,1.41,104.5777307,278.8717392,-47056,214.6453799,0.220918192,69.08
,,,,,,,,,101.6495,1.57,105.0519583,279.727883,-49149,214.8992831,0.219523071,65.32
,,,,,,,,,102.2980,1.7,105.289494,280.861369,-43981,215.4857293,0.226820712,66.02
,,,,,,,,,103.4095,1.76,105.7080294,281.4723261,-45105,215.9725619,0.308707487,72.11
,,,,,,,,,102.5408,1.86,106.1476603,282.7806584,-41185,216.7730434,0.244144008,76.98
,,,,,,,,,103.3045,1.9,106.3168465,283.9804655,-44871,217.7317117,0.258384791,74.40
,,,,,,,,,103.5474,1.96,106.324019,284.565296,-49512,218.2484469,0.258327221,74.25
,,,,,,,,,104.1659,2.03,106.3830864,285.4174203,-49738,218.5908563,0.256903774,72.53
,,,,,,,,,104.1315,2.13,106.5067063,286.0323968,-51773,219.4208665,0.25825031,78.89
,,,,,,,,,103.9874,2.25,106.6948784,286.1791069,-52345,220.0133151,0.281003587,81.03
,,,,,,,,,103.9127,2.33,106.3375201,286.5529161,-50547,220.1417466,0.27910104,64.75
,,,,,,,,,103.8670,2.37,105.997882,288.9424816,-55687,222.025403,0.285912589,57.36
,,,,,,,,,103.3023,2.37,106.1999772,290.3412517,-48818,223.0489518,0.304211167,59.41
,,,,,,,,,102.7280,2.39,106.6488902,291.2054343,-48032,223.8887633,0.304254741,63.96
,,,,,,,,,102.8635,2.4,107.2505348,292.1479963,-49777,224.8369626,0.303433906,66.14
,,,,,,,,,102.2543,2.38,107.8184265,292.8714981,-50074,225.5695944,0.302337517,71.23
,,,,,,,,,102.4519,2.35,108.0479459,294.8772057,-51904,226.8693072,0.303676232,71.32
,,,,,,,,,102.3840,2.17,108.0694634,297.2627517,-50390,228.3250901,0.304163466,64.22
,,,,,,,,,102.0568,2.1,108.2500411,298.6876482,-49959,229.4980937,0.304122873,63.92
,,,,,,,,,102.6882,1.95,108.2445563,300.2291089,-50388,230.7581205,0.280472239,59.04
,,,,,,,,,102.3143,1.89,108.3293603,302.0639897,-48262,232.3052169,0.2673734,62.83
,,,,,,,,,101.4645,1.65,108.5770219,304.6083042,-42720,234.1529531,0.256879745,59.71
,,,,,,,,,101.9876,1.54,108.5187982,306.5718075,-40596,235.9063589,0.232156039,63.21
,,,,,,,,,101.6179,1.54,108.4200711,308.0730737,-45421,237.160231,0.233385764,67.22
,,,,,,,,,101.0918,1.52,108.8407161,309.6989429,-45452,238.1893405,0.234224769,63.65
,,,,,,,,,101.3247,1.52,109.1390069,310.9731099,-41639,239.2041491,0.233990491,55.66
,,,,,,,,,97.4477,0.29,108.9014712,321.8437236,-47157,247.5908409,0.217251941,32.01
,,,,,,,,,84.2018,0.14,108.1732534,342.5157764,-52959,264.0456012,0.205811247,18.38
,,,,,,,,,85.8434,0.13,108.1753629,359.6004663,-54915,275.0230194,0.107159578,29.38
,,,,,,,,,91.1622,0.16,108.7673036,365.3603441,-50675,277.4450297,0.098519255,40.27
,,,,,,,,,94.8887,0.13,109.3174751,368.1820009,-60743,278.2081566,0.091245012,43.24
,,,,,,,,,95.8924,0.1,109.6621761,369.4240122,-63733,278.4225605,0.089806822,44.74
,,,,,,,,,95.6019,0.11,109.8149078,373.9097231,-62625,280.4712413,0.091048628,40.91
,,,,,,,,,96.6454,0.1,109.8604741,376.8459343,-63678,281.420917,0.091258223,40.19
,,,,,,,,,97.1609,0.09,109.7933903,381.0482736,-67307,283.4883136,0.091883481,42.69
,,,,,,,,,98.2854,0.09,109.8967585,384.4889264,-65802,286.5025653,0.091995261,49.99
,,,,,,,,,99.3244,0.08,110.3642355,389.8026448,-67092,287.9528745,0.092480699,54.77
,,,,,,,,,96.4433,0.04,110.9684115,395.2570441,-70643,291.0053174,0.093039007,62.28
,,,,,,,,,98.9318,0.03,111.7544311,,-75025,,,65.41
,,,,,,,,,99.0174,0.02,112.6729306,,-68899,,,64.81
,,,,,,,,,99.8562,0.02,,,,,,68.53