Date,EXUSEU_Avg,US_GDP,US_IR,US_CPI,US_M3,US_BOP,US_DM3Index,US_UC,EU_GDP,EU_OR_Avg,EU_CPI,EU_M3,EU_BOP,EU_DM3Index,EU_UC,OIL_Avg
Jan-2001,0.9376,92.2054,5.15,73.8766,100,-35202, 100.00 , 0.29 ,87.2,3.75,76.43,100.00,-6016,100,3.4,25.62
Feb-2001,0.9205,91.5813,4.88,74.1719,101,-29301, 100.91 , 0.32 ,87.4,3.75,76.66,100.50,-2437,100.4,3.3,27.50
Mar-2001,0.9083,91.3567,4.42,74.3407,102,-32812, 102.02 , 0.34 ,87.6,3.75,77.07,101.10,-5511,100.9,3.3,24.50
Apr-2001,0.8925,91.0720,3.87,74.6360,103,-30521, 103.53 , 0.22 ,87.6,3.75,77.54,101.74,-5148,101.6,3.3,25.66
May-2001,0.8753,90.5335,3.62,74.9735,103,-27095, 104.08 , 0.26 ,87.7,3.58,77.90,102.34,-3120,102.1,3.4,28.31
Jun-2001,0.8530,90.0322,3.49,75.1001,104,-29151, 105.11 , 0.28 ,87.8,3.50,78.02,103.34,-6280,102.8,3.4,27.85
Jul-2001,0.8615,89.4778,3.51,74.8891,105,-29902, 105.90 , 0.30 ,87.8,3.50,77.84,103.77,-1493,103.1,3.5,24.61
Aug-2001,0.9014,89.3838,3.36,74.8891,105,-28094, 106.88 , 0.31 ,87.8,3.49,77.78,104.47,348,103.4,3.3,25.68
Sep-2001,0.9114,88.9262,2.64,75.2267,107,-30217, 109.56 , 0.35 ,87.9,3.03,77.99,105.41,-3049,104.7,3.4,25.62
Oct-2001,0.9050,88.6365,2.16,74.9735,107,-30588, 109.66 , 0.14 ,87.9,2.75,78.06,106.16,-541,105.0,3.4,20.54
Nov-2001,0.8883,88.1058,1.87,74.8470,108,-30003, 111.56 , 0.17 ,87.9,2.38,78.01,106.90,-2248,105.6,3.3,18.80
Dec-2001,0.8912,88.0897,1.69,74.5516,109,-27488, 111.72 , 0.19 ,88.0,2.25,78.36,107.53,6877,106.0,3.5,18.71
Jan-2002,0.8832,88.6706,1.65,74.7204,110,-29678, 111.96 , 0.16 ,88.1,2.25,78.45,107.97,4954,106.7,3.6,19.42
Feb-2002,0.8707,88.6723,1.72,75.0157,110,-32501, 113.30 , 0.16 ,88.1,2.25,78.58,108.10,6298,106.8,3.6,20.28
Mar-2002,0.8766,89.3624,1.79,75.4376,110,-31161, 113.55 , 0.16 ,88.2,2.25,79.02,108.55,5967,107.4,3.8,23.70
Apr-2002,0.8860,89.7933,1.71,75.8595,110,-33965, 114.08 , 0.17 ,88.4,2.25,79.38,109.12,-1836,108.0,3.7,25.73
May-2002,0.9170,90.1629,1.73,75.8595,111,-34026, 114.52 , 0.18 ,88.5,2.25,79.52,109.93,1341,108.6,3.7,25.35
Jun-2002,0.9561,90.9078,1.70,75.9017,111,-34732, 115.08 , 0.18 ,88.6,2.25,79.49,110.24,3185,109.5,3.6,24.08
Jul-2002,0.9935,90.8761,1.68,75.9861,112,-33913, 116.08 , 0.18 ,88.7,2.25,79.41,110.82,5495,110.0,3.6,25.74
Aug-2002,0.9781,90.7850,1.62,76.2393,113,-36385, 116.92 , 0.18 ,88.8,2.25,79.46,111.59,6076,110.9,3.4,26.65
Sep-2002,0.9806,90.8931,1.63,76.3658,114,-36088, 117.41 , 0.18 ,88.9,2.25,79.66,112.66,5551,112.2,3.2,28.40
Oct-2002,0.9812,90.6289,1.58,76.4924,115,-35095, 117.55 , 0.19 ,88.9,2.25,79.85,113.06,104,112.6,3.4,27.54
Nov-2002,1.0013,91.1366,1.23,76.4924,116,-39515, 118.99 , 0.21 ,88.9,2.25,79.79,114.10,6095,114.0,3.4,24.34
Dec-2002,1.0194,90.6374,1.19,76.3236,116,-43607, 119.30 , 0.22 ,88.9,1.83,80.17,114.79,3543,114.7,3.3,28.33
Jan-2003,1.0622,91.3852,1.17,76.6612,117,-41156, 120.11 , 0.20 ,88.9,1.75,80.14,115.62,563,115.2,3.2,31.18
Feb-2003,1.0785,91.4940,1.17,77.2518,117,-40082, 120.88 , 0.20 ,88.9,1.75,80.46,116.58,881,116.4,3.0,32.77
Mar-2003,1.0797,91.2210,1.13,77.7159,118,-43806, 121.16 , 0.20 ,88.9,1.55,80.93,117.03,2657,117.4,3.1,30.61
Apr-2003,1.0862,90.6448,1.13,77.5472,119,-42037, 121.27 , 0.17 ,88.9,1.50,81.05,118.56,-1811,118.4,3.2,25.07
May-2003,1.1556,90.6163,1.07,77.4206,120,-41045, 122.64 , 0.18 ,89.0,1.50,81.00,119.08,-230,119.5,2.9,25.86
Jun-2003,1.1674,90.7372,0.92,77.5050,121,-39696, 123.88 , 0.17 ,89.1,1.08,81.10,119.22,-123,119.7,2.8,27.65
Jul-2003,1.1365,91.2028,0.90,77.5894,121,-41321, 124.73 , 0.17 ,89.2,1.00,80.98,119.99,239,120.4,3.2,28.35
Aug-2003,1.1155,91.0119,0.95,77.8847,123,-39892, 124.57 , 0.17 ,89.4,1.00,81.10,120.50,2992,121.3,3.4,29.89
Sep-2003,1.1267,91.6355,0.94,78.1379,122,-41842, 124.32 , 0.17 ,89.6,1.00,81.39,120.55,2816,121.4,3.3,27.11
Oct-2003,1.1714,91.7372,0.92,78.0535,122,-41388, 124.58 , 0.17 ,89.8,1.00,81.51,121.61,4808,122.3,3.4,29.61
Nov-2003,1.1710,92.3505,0.93,77.8425,122,-39898, 124.70 , 0.17 ,89.9,1.00,81.54,122.09,3203,123.2,3.5,28.75
Dec-2003,1.2298,92.4019,0.90,77.7581,122,-44080, 124.96 , 0.17 ,90.1,1.00,81.79,122.37,3100,123.3,3.4,29.81
Jan-2004,1.2638,92.5643,0.88,78.1379,122,-44645, 125.68 , 0.21 ,90.3,1.00,81.61,122.70,4374,124.0,3.3,31.28
Feb-2004,1.2640,93.1092,0.93,78.5598,123,-44552, 126.27 , 0.21 ,90.5,1.00,81.80,123.43,6447,124.9,3.3,30.86
Mar-2004,1.2261,92.7403,0.94,79.0661,124,-46754, 127.56 , 0.21 ,90.6,1.00,82.32,124.04,7509,125.5,3.2,33.63
Apr-2004,1.1989,93.1255,0.94,79.3192,124,-47283, 128.50 , 0.16 ,90.8,1.00,82.74,124.61,7428,125.9,3.3,33.59
May-2004,1.2000,93.7970,1.02,79.7833,126,-47553, 129.10 , 0.16 ,90.9,1.00,83.01,124.69,4395,126.4,3.4,37.57
Jun-2004,1.2146,93.0677,1.27,80.0365,126,-54169, 130.28 , 0.16 ,91.1,1.00,83.05,125.68,1878,127.1,3.5,35.18
Jul-2004,1.2266,93.7646,1.33,79.9099,126,-51606, 130.51 , 0.18 ,91.2,1.00,82.88,126.47,5828,128.2,3.3,38.22
Aug-2004,1.2191,93.8516,1.48,79.9521,127,-53647, 131.08 , 0.19 ,91.3,1.00,83.04,126.88,1043,128.6,3.2,42.74
Sep-2004,1.2224,93.9393,1.65,80.1208,128,-51686, 132.05 , 0.19 ,91.3,1.00,83.14,127.72,1479,129.5,3.2,43.20
Oct-2004,1.2507,94.8012,1.76,80.5427,128,-55058, 132.31 , 0.27 ,91.4,1.00,83.46,128.59,7796,130.6,3.1,49.78
Nov-2004,1.2997,95.0379,2.07,80.5849,129,-58967, 132.61 , 0.26 ,91.5,1.00,83.40,129.06,324,131.3,3.0,43.11
Dec-2004,1.3406,95.7433,2.19,80.2896,129,-54918, 133.75 , 0.25 ,91.6,1.00,83.72,130.17,6291,131.8,2.9,39.60
Jan-2005,1.3123,96.1164,2.33,80.4584,129,-56189, 133.49 , 0.28 ,91.7,1.00,83.20,130.83,-1781,133.3,2.7,44.51
Feb-2005,1.3013,96.8200,2.54,80.9225,129,-58094, 133.84 , 0.27 ,91.9,1.00,83.50,131.52,4207,134.1,2.7,45.48
Mar-2005,1.3185,96.6725,2.74,81.5553,129,-53134, 134.23 , 0.26 ,92.0,1.00,84.12,131.93,1398,134.5,2.8,53.10
Apr-2005,1.2943,96.8638,2.78,82.1038,130,-57312, 134.79 , 0.26 ,92.2,1.00,84.47,132.99,-1730,135.5,2.7,51.88
May-2005,1.2697,96.9622,2.84,82.0194,130,-56040, 135.77 , 0.27 ,92.3,1.00,84.66,133.96,4097,136.6,2.7,48.65
Jun-2005,1.2155,97.3530,2.97,82.0616,131,-58152, 136.37 , 0.26 ,92.5,1.00,84.75,135.48,2321,140.0,2.6,54.35
Jul-2005,1.2041,97.0425,3.22,82.4413,131,-58301, 136.84 , 0.36 ,92.8,1.00,84.66,136.85,1536,141.7,2.6,57.52
Aug-2005,1.2295,97.3856,3.44,82.8633,132,-58745, 137.78 , 0.35 ,93.0,1.00,84.86,137.54,-3914,142.2,2.6,63.98
Sep-2005,1.2234,95.5090,3.42,83.8758,133,-64882, 138.56 , 0.34 ,93.2,1.00,85.30,138.77,2043,143.2,2.5,62.91
Oct-2005,1.2022,96.6445,3.71,84.0446,133,-67265, 139.75 , 0.32 ,93.4,1.00,85.52,139.14,1636,144.3,2.6,58.54
Nov-2005,1.1789,97.6736,3.88,83.3695,134,-63859, 140.67 , 0.32 ,93.7,1.00,85.33,139.83,-2054,144.8,2.8,55.24
Dec-2005,1.1861,98.2108,3.89,83.0320,134,-64568, 140.87 , 0.32 ,93.9,1.21,85.62,141.06,-2347,146.3,2.7,56.86
Jan-2006,1.2126,98.3353,4.24,83.6649,135,-66967, 141.47 , 0.33 ,94.2,1.25,85.24,141.67,301,146.9,2.8,62.99
Feb-2006,1.1940,98.3412,4.43,83.8336,136,-62308, 141.85 , 0.34 ,94.5,1.25,85.48,142.73,-3977,148.1,2.9,60.21
Mar-2006,1.2028,98.5915,4.51,84.2978,136,-62397, 142.14 , 0.34 ,94.8,1.44,85.98,143.77,-3321,148.7,3.0,62.06
Apr-2006,1.2273,98.9042,4.60,85.0150,137,-62603, 142.57 , 0.35 ,95.0,1.50,86.55,145.41,-3109,150.7,3.2,70.26
May-2006,1.2767,98.8999,4.72,85.4369,137,-64818, 143.03 , 0.37 ,95.3,1.50,86.79,146.22,-1420,151.1,3.2,69.78
Jun-2006,1.2661,99.2090,4.79,85.6057,138,-63800, 143.65 , 0.37 ,95.6,1.63,86.85,147.00,8,151.9,3.2,68.56
Jul-2006,1.2681,99.1473,4.95,85.8588,138,-66909, 144.58 , 0.43 ,95.9,1.75,86.75,147.33,-4043,152.6,3.3,73.67
Aug-2006,1.2810,99.5815,4.96,86.0276,139,-68277, 145.25 , 0.43 ,96.2,1.94,86.83,148.79,-1326,153.6,3.1,73.23
Sep-2006,1.2722,99.4133,4.81,85.6057,140,-65095, 145.70 , 0.43 ,96.5,2.00,86.83,150.76,1187,155.2,3.0,61.96
Oct-2006,1.2617,99.2931,4.92,85.1416,141,-59538, 146.59 , 0.38 ,96.8,2.17,86.90,151.16,-690,155.3,3.0,57.81
Nov-2006,1.2888,99.2376,4.94,85.0150,141,-58939, 147.92 , 0.38 ,97.0,2.25,86.94,152.20,2577,156.5,3.0,58.76
Dec-2006,1.3205,100.2526,4.85,85.1416,142,-61882, 148.54 , 0.38 ,97.3,2.40,87.27,154.37,-668,159.0,3.0,62.47
Jan-2007,1.2993,99.8600,4.98,85.4015,143,-58014, 148.97 , 0.38 ,97.5,2.50,86.83,155.98,4110,159.0,3.1,53.68
Feb-2007,1.3080,100.8096,5.03,85.8584,143,-58479, 149.44 , 0.38 ,97.8,2.50,87.08,157.07,-3037,160.0,3.1,57.56
Mar-2007,1.3246,101.0257,4.94,86.6402,144,-62183, 150.06 , 0.38 ,98.0,2.65,87.66,159.44,7537,162.1,3.0,62.05
Apr-2007,1.3513,101.7497,4.87,87.2030,145,-60494, 151.71 , 0.38 ,98.2,2.75,88.22,159.96,806,162.5,3.1,67.49
May-2007,1.3518,101.8148,4.73,87.7359,146,-59572, 151.92 , 0.38 ,98.4,2.75,88.43,161.81,1082,163.6,3.2,67.21
Jun-2007,1.3421,101.8424,4.61,87.9059,146,-59997, 152.62 , 0.38 ,98.6,2.90,88.52,163.30,7243,165.0,3.3,71.05
Jul-2007,1.3726,101.7209,4.82,87.8836,147,-60246, 153.53 , 0.41 ,98.8,3.00,88.31,164.98,1390,166.4,3.4,76.93
Aug-2007,1.3626,101.9639,4.2,87.72239966,148.402267,-57214,155.3284503,0.419788786,98.93148903,3.00,88.37,166.03,772.6623868,166.6,3.4,70.76
Sep-2007,1.3910,102.2023,3.89,87.96415447,148.770047,-58158,156.8283759,0.415709008,99.10565037,3.00,88.71,167.55,1834.693879,167.8,3.4,77.17
Oct-2007,1.4233,101.8873,3.9,88.15232663,149.0433699,-57666,158.1569209,0.317343086,99.27393991,3.00,89.15,169.96,-318.5025584,168.6,3.4,82.34
Nov-2007,1.4683,102.4717,3.27,88.67591776,149.543792,-60682,159.5713442,0.341640718,99.42973697,3.00,89.63,171.67,-4430.297289,170.0,3.4,92.41
Dec-2007,1.4559,102.4621,3,88.61642836,150.1487198,-58290,159.7593658,0.349228073,99.56372547,3.00,89.98,172.15,-12878.13103,170.3,3.6,90.93
Jan-2008,1.4728,102.3148,2.75,89.05690309,150.8259978,-61339,160.4760076,0.257995577,99.66525696,3.00,89.67,175.05,-18779.05019,171.3,3.4,92.18
Feb-2008,1.4759,101.9384,2.12,89.31553433,152.5282367,-64225,162.2323372,0.245900716,99.72285507,3.00,89.98,176.06,-12434.06552,171.8,3.4,94.99
Mar-2008,1.5520,101.5904,1.26,90.0897404,153.8506371,-60200,164.982696,0.287896132,99.72826767,3.00,90.87,176.54,-12833.73359,172.8,3.6,103.64
Apr-2008,1.5754,100.9098,1.29,90.63611471,154.71281,-63733,164.985631,0.224224219,99.67386612,3.00,91.17,178.04,-11793.89758,173.1,3.8,109.07
May-2008,1.5554,100.3073,1.73,91.3993511,154.955987,-62310,165.0290683,0.231729048,99.5526365,3.00,91.74,179.45,-12504.11619,174.4,3.8,122.80
Jun-2008,1.5562,100.0853,1.86,92.32038208,155.3076892,-60889,165.1894269,0.225583295,99.35460905,3.00,92.09,179.90,-7450.844682,174.9,4.1,132.32
Jul-2008,1.5759,99.6124,1.63,92.80515744,156.2402026,-66989,165.8168891,0.228817301,99.06742614,3.19,91.95,181.26,-17978.47815,174.9,4.2,132.72
Aug-2008,1.4955,98.0601,1.72,92.43471987,156.5416616,-62394,165.776957,0.228481428,98.67806238,3.25,91.82,181.96,-16001.14578,175.6,4.0,113.24
Sep-2008,1.4342,93.8451,1.13,92.30688094,157.9464609,-60292,167.0636871,0.308641904,98.18002846,3.25,92.00,183.54,-9774.673144,177.1,4.4,97.23
Oct-2008,1.3266,94.7036,0.67,91.37445837,160.1189758,-60879,166.3844696,0.50141893,97.58598987,3.23,92.03,186.48,-17739.45155,179.9,5.0,71.58
Nov-2008,1.2744,93.4737,0.19,89.62437294,161.1379075,-45132,165.2091756,0.267502508,96.92364501,2.93,91.59,186.79,-26014.83808,180.7,4.8,52.45
Dec-2008,1.3511,90.8250,0.03,88.69743521,164.6790466,-43967,164.023322,0.27502656,96.2368331,2.22,91.47,187.12,-15654.88128,181.1,4.8,39.95
Jan-2009,1.3244,88.5830,0.13,89.08348346,166.310945,-39343,166.8546389,0.217302083,95.59012439,1.65,90.73,187.22,-8932.806151,182.6,4.8,43.44
Feb-2009,1.2797,88.0069,0.3,89.52648966,166.8977853,-28778,166.5193865,0.219665843,95.04800131,1.00,91.10,187.91,-5720.994985,183.8,5.2,43.32
Mar-2009,1.3050,86.6045,0.21,89.74419556,168.2221954,-30193,166.0705793,0.226306495,94.6577542,0.66,91.44,187.20,-3354.354445,183.6,6.1,46.54
Apr-2009,1.3199,85.9406,0.16,89.96823013,168.2885164,-30473,164.6819656,0.20754533,94.42092407,0.31,91.76,188.14,-6171.015245,184.7,5.6,50.18
May-2009,1.3646,85.0635,0.18,90.2281271,169.4481289,-25839,166.1426455,0.152188848,94.31598067,0.25,91.80,187.50,-2113.513973,184.5,5.0,57.30
Jun-2009,1.4014,84.7841,0.18,91.00317699,169.639053,-27152,166.3883958,0.154555396,94.31227826,0.25,91.99,187.52,-1109.126352,185.3,5.0,68.61
Jul-2009,1.4092,85.7471,0.18,90.85888354,169.7375296,-33307,165.7955931,0.140751801,94.3797458,0.25,91.38,187.70,6672.125556,185.7,4.8,64.44
Aug-2009,1.4266,86.7094,0.17,91.06266639,169.7294907,-31674,164.8261493,0.143903533,94.49185693,0.25,91.69,186.80,615.2238528,185.9,4.4,72.51
Sep-2009,1.4575,87.4072,0.12,91.11962433,169.7134129,-35247,162.81398,0.147708661,94.62890309,0.25,91.71,187.29,-2653.723299,186.3,4.4,67.65
Oct-2009,1.4821,87.6595,0.07,91.20738175,170.2540295,-34959,161.8604439,0.215991238,94.77831771,0.25,91.92,186.79,-3466.472819,186.6,4.2,72.77
Nov-2009,1.4908,88.0061,0.05,91.27193408,170.8589574,-38381,160.590405,0.21741214,94.93453277,0.25,92.02,186.21,-2444.101261,186.4,4.0,76.66
Dec-2009,1.4579,88.2819,0.05,91.11118612,170.7544515,-39426,160.0863761,0.221535662,95.09783957,0.25,92.31,186.02,-1164.470028,186.1,3.9,74.46
Jan-2010,1.4266,89.2744,0.06,91.42255619,169.992765,-37744,159.7598287,0.277719928,95.27252664,0.25,91.56,185.73,-3073.806169,186.3,3.9,76.17
Feb-2010,1.3680,89.5648,0.11,91.44533936,170.9915993,-41504,159.4410706,0.278288574,95.46323906,0.25,91.85,185.70,607.3026595,186.4,3.8,73.75
Mar-2010,1.3570,90.2296,0.15,91.82083986,170.9313075,-40271,157.3321922,0.27878328,95.6716209,0.25,92.86,185.72,-1797.647302,185.9,3.8,78.83
Apr-2010,1.3417,90.5689,0.16,91.98032209,171.546284,-41496,157.6190226,0.238635382,95.88944198,0.25,93.24,186.60,140.9232667,187.2,3.7,84.82
May-2010,1.2563,91.8247,0.16,92.05162499,172.6496242,-42088,158.2608715,0.238417986,96.10545898,0.25,93.35,186.85,-5978.87927,188.1,3.8,75.95
Jun-2010,1.2223,92.0070,0.12,91.96175802,173.0314723,-47316,156.3533692,0.23962576,96.31125219,0.25,93.35,183.79,-3577.771707,185.6,3.7,74.76
Jul-2010,1.2811,92.3967,0.16,91.98116591,173.2264159,-41609,158.5832226,0.291845227,96.50727875,0.25,92.95,183.74,-2909.7717,185.8,3.7,75.58
Aug-2010,1.2903,92.7118,0.16,92.10816102,174.2373086,-45619,160.0410769,0.292579176,96.69838598,0.25,93.13,184.39,-2873.109792,186.1,3.3,77.04
Sep-2010,1.3103,92.9252,0.15,92.16174367,174.860324,-44333,159.7227874,0.293681562,96.88998584,0.25,93.42,184.49,-1628.593751,186.0,3.3,77.84
Oct-2010,1.3901,92.7115,0.13,92.27650337,175.8471,-40646,161.8123093,0.248735632,97.08457801,0.25,93.71,184.55,-198.6224992,186.1,3.3,82.66
Nov-2010,1.3654,92.7535,0.14,92.31531915,176.2631135,-38739,161.5344146,0.24939749,97.28087021,0.25,93.79,184.92,-4193.630057,186.3,3.5,85.27
Dec-2010,1.3221,93.6492,0.14,92.47395756,176.900197,-41721,160.4492377,0.250732869,97.47266847,0.25,94.36,184.98,-8076.463942,186.3,4.0,91.45
Jan-2011,1.3371,93.4768,0.15,92.9144323,177.3222396,-48123,159.7904566,0.190352301,97.6475733,0.25,93.69,185.57,-6648.633356,186.7,4.0,96.52
Feb-2011,1.3656,93.0617,0.13,93.37262728,178.6044455,-44753,160.753056,0.190518175,97.79264733,0.25,94.08,185.74,-7726.021202,186.9,3.9,103.72
Mar-2011,1.4020,94.0244,0.1,94.28311049,179.7379316,-44312,162.0728363,0.191105047,97.89696738,0.25,95.35,185.93,-4071.161229,186.8,3.9,114.64
Apr-2011,1.4460,93.7011,0.06,94.89023994,180.9739137,-42685,163.6903452,0.204456898,97.96291254,0.40,95.89,186.05,-1933.036756,187.4,4.0,123.26
May-2011,1.4335,93.8490,0.04,95.33662142,182.3927811,-47725,165.873977,0.204855019,97.99712622,0.50,95.90,186.46,-4469.738371,187.3,3.9,114.99
Jun-2011,1.4403,94.0844,0.04,95.23451904,183.9161542,-49882,164.515325,0.205517462,98.00511605,0.50,95.89,186.70,201.5451341,187.7,3.8,113.83
Jul-2011,1.4275,94.5881,0.04,95.31890118,187.246272,-46070,165.5273891,0.192206425,97.98796524,0.65,95.34,186.93,-6754.959988,188.0,3.8,116.97
Aug-2011,1.4333,95.1605,0.02,95.58175152,191.096909,-45052,165.9780551,0.191631681,97.94432713,0.75,95.52,188.32,-2462.331832,188.8,3.8,110.22
Sep-2011,1.3747,95.0855,0.01,95.72688879,191.5209615,-43477,166.0234795,0.191691937,97.87406445,0.75,96.22,188.86,-1485.929531,189.5,4.1,112.83
Oct-2011,1.3732,95.6902,0.02,95.5294346,192.2002492,-45509,165.9811942,0.247696586,97.7836227,0.75,96.55,188.24,-1714.016737,189.0,4.2,109.55
Nov-2011,1.3558,95.7307,0.01,95.44884966,193.2191808,-47460,166.5763614,0.247544588,97.68170266,0.57,96.64,188.62,-296.8403592,189.2,4.3,110.77
Dec-2011,1.3155,96.2047,0.01,95.21342351,194.1778207,-49473,166.0993934,0.248232024,97.57630295,0.35,96.96,189.00,1850.370975,189.9,4.5,107.87
Jan-2012,1.2910,96.7772,0.03,95.6323808,195.6589895,-50126,167.183275,0.228695098,97.47256009,0.25,96.18,189.27,3241.218611,189.8,4.0,110.69
Feb-2012,1.3238,97.0510,0.09,96.05344764,196.8226215,-42780,168.193508,0.228327847,97.37502651,0.25,96.66,189.85,-151.1582407,189.9,3.6,119.33
Mar-2012,1.3208,96.5714,0.08,96.78293118,197.7812613,-49749,168.4235396,0.227198539,97.28306996,0.25,97.91,191.18,3767.245145,191.5,3.4,125.45
Apr-2012,1.3160,97.3139,0.08,97.07531527,198.8423972,-46842,169.0448851,0.228489268,97.19630653,0.25,98.36,190.59,5469.367401,191.1,3.3,119.42
May-2012,1.2806,97.4669,0.09,96.96139939,199.7407452,-45106,168.7341447,0.228448186,97.11299439,0.25,98.23,191.60,5980.956842,192.3,3.3,110.34
Jun-2012,1.2541,97.4577,0.09,96.8192155,201.0189316,-42941,170.1763944,0.228309712,97.02988835,0.25,98.15,192.12,17168.34636,193.4,3.3,95.16
Jul-2012,1.2278,97.6786,0.1,96.66142091,202.1684955,-42406,171.2815666,0.221473535,96.94195885,0.08,97.64,193.12,12267.8291,194.3,2.9,102.62
Aug-2012,1.2406,97.2842,0.1,97.19935701,203.372322,-44030,171.6135123,0.2217736,96.84471108,0.00,98.02,192.95,9272.071031,194.3,2.8,113.36
Sep-2012,1.2885,97.2295,0.11,97.63308117,204.9399092,-38794,173.2221411,0.220967481,96.7369837,0.00,98.73,193.34,10202.41253,195.3,2.7,112.86
Oct-2012,1.2974,97.5344,0.1,97.59510921,206.2140761,-41467,173.4439735,0.183130715,96.62454428,0.00,98.96,194.60,7367.505195,196.3,2.5,111.71
Nov-2012,1.2837,97.9837,0.09,97.13269512,207.4882431,-45332,174.8166121,0.184501177,96.51769781,0.00,98.76,194.63,12304.42008,196.5,2.6,109.06
Dec-2012,1.3119,98.2122,0.07,96.87111051,210.1330439,-36334,177.4369848,0.184642915,96.42940559,0.00,99.11,194.81,13665.92045,197.0,2.4,109.49
Jan-2013,1.3304,98.1664,0.07,97.15758785,210.6415049,-40135,177.3411608,0.195798989,96.37323752,0.00,98.09,194.39,11531.92675,196.2,2.5,112.96
Feb-2013,1.3347,98.6458,0.1,97.95331137,210.8806624,-41004,176.6479109,0.195530749,96.36014753,0.00,98.45,194.72,15431.56727,197.0,2.6,116.05
Mar-2013,1.2953,99.0597,0.09,98.20941114,212.2131115,-34314,176.4863412,0.195097518,96.39593709,0.00,99.61,195.13,24584.26716,197.9,2.6,108.47
Apr-2013,1.3025,98.9927,0.06,98.10730876,212.9044576,-38487,177.8987823,0.20184838,96.47145858,0.00,99.52,195.51,16145.31229,198.9,2.6,102.25
May-2013,1.2983,99.0726,0.04,98.28197977,213.704329,-41701,177.9856699,0.203537193,96.57217519,0.00,99.63,195.75,17783.78882,199.2,2.6,102.56
Jun-2013,1.3197,99.2065,0.05,98.51782784,214.7594357,-34426,178.5051577,0.203858496,96.6842851,0.00,99.73,195.44,20402.6558,199.4,2.9,102.92
Jul-2013,1.3088,98.9204,0.04,98.55664362,215.691949,-36356,178.8998666,0.163973006,96.79924411,0.00,99.20,195.69,15266.54776,199.3,2.8,107.93
Aug-2013,1.3314,99.4996,0.04,98.67520051,216.7872503,-36617,179.0170613,0.164127722,96.91269859,0.00,99.32,196.46,15719.50946,200.5,2.9,111.28
Sep-2013,1.3364,100.0568,0.02,98.78996021,217.8262792,-39917,180.3770221,0.164163552,97.02337273,0.00,99.80,196.44,14551.09384,200.5,2.9,111.60
Oct-2013,1.3646,99.9168,0.05,98.53554808,220.1073194,-36285,180.8824079,0.239210427,97.13220955,0.00,99.68,196.56,18946.14337,200.8,2.9,109.08
Nov-2013,1.3491,100.1762,0.07,98.3342967,220.213835,-33983,180.5929043,0.238611303,97.24074162,0.00,99.60,196.72,22903.52516,201.3,2.8,107.79
Dec-2013,1.3708,100.3658,0.07,98.32585848,221.5442743,-33636,181.7607015,0.238983517,97.34974414,0.00,99.95,195.77,16238.2,200.3,2.9,110.76
Jan-2014,1.3618,100.0380,0.04,98.69165503,222.6757506,-37433,181.6270686,0.175417629,97.45818791,0.00,98.84,196.48,20264.42241,200.8,2.8,108.12
Feb-2014,1.3665,100.7918,0.05,99.05660775,224.5387676,-40119,183.0158858,0.175406683,97.56387838,0.00,99.14,196.87,21485.33211,201.4,2.6,108.90
Mar-2014,1.3828,101.7782,0.05,99.69453668,225.3064834,-42940,183.6502513,0.175089262,97.66736897,0.00,100.07,196.88,16456.38801,201.5,2.5,107.48
Apr-2014,1.3810,101.8337,0.03,100.0232051,226.3575706,-43735,183.8580284,0.175412601,97.77163891,0.00,100.22,196.72,18734.82176,201.6,2.4,107.76
May-2014,1.3739,102.2325,0.03,100.3725471,227.6940391,-39575,184.868532,0.175392001,97.88104416,0.00,100.11,197.81,16509.40672,203.0,2.2,109.54
Jun-2014,1.3595,102.5722,0.04,100.5594535,228.7149805,-38895,185.1939804,0.174733754,97.99945532,-0.07,100.22,198.50,10215.10854,203.8,2.3,111.80
Jul-2014,1.3533,102.8479,0.03,100.5202158,229.8605249,-38935,185.2394434,0.190495135,98.12813155,-0.10,99.57,199.12,19110.75731,204.5,2.2,106.77
Aug-2014,1.3315,102.6491,0.03,100.3522954,230.4453555,-36935,185.3406945,0.190703287,98.26700662,-0.10,99.68,200.04,18568.59767,205.9,2.1,101.61
Sep-2014,1.2889,102.9858,0.02,100.4278174,231.1226335,-41672,185.4109979,0.190888257,98.41541029,-0.17,100.12,201.01,23468.06294,207.0,2.0,97.09
Oct-2014,1.2677,102.9911,0.02,100.1755148,232.3666546,-41067,186.2921009,0.191572155,98.57223044,-0.20,100.06,201.42,29109.09333,207.6,2.1,87.43
Nov-2014,1.2473,103.6669,0.02,99.63462536,233.0921661,-39808,186.3207906,0.192371425,98.73597899,-0.20,99.88,202.75,24012.92086,209.5,2.0,79.44
Dec-2014,1.2329,103.6139,0.03,99.06968698,234.6858797,-42838,188.1949994,0.191884966,98.90412449,-0.20,99.78,205.70,22123.90574,212.8,2.1,62.34
Jan-2015,1.1615,102.8479,0.03,98.6034757,236.0906789,-38871,189.1015393,0.17147665,99.0745348,-0.20,98.24,207.06,44974.82792,214.8,2.1,47.76
Feb-2015,1.1350,102.2292,0.02,99.03171502,238.6591101,-33888,190.6265544,0.171362937,99.2446312,-0.20,98.85,207.63,23731.14012,215.8,2.0,58.10
Mar-2015,1.0819,101.8945,0.03,99.62112422,238.9927248,-48699,191.4316233,0.170796079,99.41151736,-0.20,100.00,208.49,16279.04167,216.8,1.7,55.89
Apr-2015,1.0822,101.2859,0.02,99.82364134,239.7825475,-39853,190.9020626,0.182485329,99.5730947,-0.20,100.43,209.95,20501.67556,218.6,1.7,59.52
May-2015,1.1167,100.8408,0.02,100.3324656,240.3914948,-38573,191.2253402,0.183159728,99.72946378,-0.20,100.71,210.25,25633.05286,219.6,2.1,64.08
Jun-2015,1.1226,100.5063,0.02,100.6839172,241.2978817,-42514,191.3323923,0.182819941,99.88206125,-0.20,100.72,210.59,2740.820685,220.0,2.5,61.48
Jul-2015,1.0997,101.1831,0.03,100.6906678,242.2906869,-40395,192.6675013,0.203354095,100.032969,-0.20,100.11,211.98,29898.64035,221.6,2.6,56.56
Aug-2015,1.1136,100.9115,0.07,100.548062,243.269424,-44269,194.3672236,0.202840422,100.1842311,-0.20,100.12,212.16,22500.31067,222.0,2.7,46.52
Sep-2015,1.1229,100.5680,0.02,100.3915331,244.3546766,-41711,193.7912523,0.203476131,100.3372965,-0.20,100.32,212.90,25585.94587,222.7,2.9,47.62
Oct-2015,1.1228,100.1588,0.02,100.3463887,245.1163632,-40955,194.9495703,0.17909849,100.4924078,-0.20,100.45,214.43,21336.28613,224.9,2.8,48.43
Nov-2015,1.0727,99.4099,0.12,100.1345895,246.8125729,-40575,195.0454449,0.179249846,100.6487081,-0.20,100.01,215.61,24008.81209,225.8,2.7,44.27
Dec-2015,1.0889,98.8329,0.23,99.79241995,248.0867398,-41116,195.6760809,0.176815193,100.8041025,-0.27,100.03,215.96,27085.53359,225.9,2.6,38.01
Jan-2016,1.0855,99.4797,0.26,99.95738702,250.7315407,-40157,196.7418433,0.19872326,100.954839,-0.30,98.56,217.26,30626.22523,227.8,2.6,30.70
Feb-2016,1.1092,98.9583,0.31,100.0396596,252.3594196,-43455,198.2555558,0.198188109,101.0956109,-0.30,98.73,218.45,24880.49929,228.8,2.5,32.18
Mar-2016,1.1134,98.1954,0.29,100.4704304,253.6496644,-36917,198.7297384,0.198456661,101.2281467,-0.35,99.96,218.70,26538.58209,229.1,2.4,38.21
Apr-2016,1.1346,98.4673,0.23,100.9467675,255.2654849,-38127,199.411926,0.226816187,101.3570698,-0.40,100.17,219.71,33303.96235,230.7,2.3,41.58
May-2016,1.1312,98.2889,0.27,101.3551771,256.6079826,-39150,200.348359,0.227596064,101.4898021,-0.40,100.59,220.53,29920.73683,231.4,2.2,46.74
Jun-2016,1.1232,98.7201,0.27,101.6880646,257.9565095,-41873,202.0311105,0.225787783,101.6344493,-0.40,100.77,221.26,25802.54502,232.1,2.1,48.25
Jul-2016,1.1055,98.8992,0.3,101.5235194,259.1342096,-40148,202.1116365,0.186413933,101.7974019,-0.40,100.28,222.44,27415.39872,233.9,2.0,44.95
Aug-2016,1.1207,98.7249,0.3,101.6167617,260.7319426,-40421,203.0145896,0.186269951,101.9830092,-0.40,100.34,222.87,23754.71774,234.1,1.8,45.84
Sep-2016,1.1218,98.6060,0.29,101.8610479,261.9237108,-37237,202.8640294,0.185306197,102.1919368,-0.40,100.72,223.68,27316.77954,235.0,1.7,46.57
Oct-2016,1.1014,98.6703,0.33,101.9880431,263.3867921,-38765,202.9518999,0.203792126,102.4201942,-0.40,100.96,224.06,25091.5151,235.8,1.9,49.52
Nov-2016,1.0792,98.2288,0.45,101.8294046,264.8860485,-44083,203.8441075,0.204857299,102.6615222,-0.40,100.60,225.59,28222.61367,237.2,2.2,44.73
Dec-2016,1.0545,98.8958,0.51,101.8627356,265.691949,-41143,204.1592113,0.203639226,102.9109092,-0.40,101.13,226.75,25765.14775,238.7,2.3,53.31
Jan-2017,1.0635,98.7446,0.51,102.4563639,267.1992443,-42946,205.0144099,0.224538236,103.1640951,-0.40,100.26,227.83,22050.64771,239.7,2.3,54.58
Feb-2017,1.0650,98.3676,0.52,102.7787036,268.6181117,-39811,205.8427434,0.224389191,103.4171281,-0.40,100.66,228.78,33436.04363,240.7,2.4,54.87
Mar-2017,1.0691,99.1065,0.74,102.8622419,270.0108525,-41476,206.9140154,0.222976447,103.6721706,-0.40,101.49,230.49,33086.85649,242.5,2.5,51.59
Apr-2017,1.0714,100.0363,0.8,103.1672834,271.1764942,-44357,208.1210926,0.218895507,103.9304731,-0.40,102.07,230.48,9107.901463,242.9,2.6,52.31
May-2017,1.1050,100.1470,0.89,103.2554627,272.1974356,-44126,208.8601575,0.218599689,104.1927969,-0.40,101.98,230.97,17150.48367,243.1,2.6,50.33
Jun-2017,1.1233,100.3042,0.98,103.3491269,272.7460911,-43001,209.4233068,0.214981262,104.4587881,-0.40,102.08,231.74,20106.33276,243.9,2.4,46.37
Jul-2017,1.1530,100.2092,1.07,103.277824,273.8876161,-42007,209.9355407,0.212682562,104.7259228,-0.40,101.62,232.04,31402.94498,244.6,2.4,48.48
Aug-2017,1.1813,99.7055,1.01,103.5870845,274.8723823,-41162,211.2128352,0.211744648,104.9892862,-0.40,101.89,233.42,36377.77764,246.3,2.2,51.70
Sep-2017,1.1913,99.7485,1.03,104.1355683,275.7084288,-41465,212.127409,0.211435302,105.2411644,-0.40,102.29,234.26,40661.58615,247.5,2.2,56.15
Oct-2017,1.1755,100.9880,1.07,104.0697503,276.7735841,-41615,213.0659595,0.196667088,105.4708428,-0.40,102.34,234.70,37343.22986,247.9,2.1,57.51
Nov-2017,1.1743,101.2730,1.23,104.0722817,277.4649303,-44623,213.9530731,0.195994199,105.668105,-0.40,102.14,235.67,39050.48522,248.7,1.9,62.71
Dec-2017,1.1836,101.3696,1.32,104.0111047,278.5220467,-46149,214.3510395,0.210908443,105.8282917,-0.40,102.49,236.32,34186.99574,249.7,1.8,64.37
Jan-2018,1.2197,101.3561,1.41,104.5777307,278.8717392,-47056,214.6453799,0.220918192,105.9595889,-0.40,101.56,237.17,36460.17028,250.3,1.9,69.08
Feb-2018,1.2340,101.6495,1.57,105.0519583,279.727883,-49149,214.8992831,0.219523071,106.0739766,-0.40,101.78,237.38,31494.16231,250.6,2.0,65.32
Mar-2018,1.2334,102.2980,1.7,105.289494,280.861369,-43981,215.4857293,0.226820712,106.182503,-0.40,102.91,237.58,37907.3445,250.9,2.0,66.02
Apr-2018,1.2270,103.4095,1.76,105.7080294,281.4723261,-45105,215.9725619,0.308707487,106.2881753,-0.40,103.32,238.46,34687.81546,251.5,2.1,72.11
May-2018,1.1823,102.5408,1.86,106.1476603,282.7806584,-41185,216.7730434,0.244144008,106.390582,-0.40,103.97,239.75,32927.89738,252.9,2.2,76.98
Jun-2018,1.1679,103.3045,1.9,106.3168465,283.9804655,-44871,217.7317117,0.258384791,106.4902117,-0.40,104.09,241.43,30173.58045,254.9,2.3,74.40
Jul-2018,1.1685,103.5474,1.96,106.324019,284.565296,-49512,218.2484469,0.258327221,106.593001,-0.40,103.85,241.10,25929.35706,254.7,2.2,74.25
Aug-2018,1.1547,104.1659,2.03,106.3830864,285.4174203,-49738,218.5908563,0.256903774,106.7066107,-0.40,104.01,241.61,31572.32396,255.5,2.1,72.53
Sep-2018,1.1667,104.1315,2.13,106.5067063,286.0323968,-51773,219.4208665,0.25825031,106.8364927,-0.40,104.42,242.56,25980.55635,256.5,2.2,78.89
Oct-2018,1.1488,103.9874,2.25,106.6948784,286.1791069,-52345,220.0133151,0.281003587,106.9811908,-0.40,104.68,243.69,23837.87398,257.6,2.1,81.03
Nov-2018,1.1364,103.9127,2.33,106.3375201,286.5529161,-50547,220.1417466,0.27910104,107.1354986,-0.40,104.10,244.68,19369.06026,258.8,2.3,64.75
Dec-2018,1.1380,103.8670,2.37,105.997882,288.9424816,-55687,222.025403,0.285912589,107.2925491,-0.40,104.05,246.48,24957.02274,260.9,2.3,57.36
Jan-2019,1.1418,103.3023,2.37,106.1999772,290.3412517,-48818,223.0489518,0.304211167,107.4452032,-0.40,102.97,246.90,38708.07203,261.3,2.4,59.41
Feb-2019,1.1349,102.7280,2.39,106.6488902,291.2054343,-48032,223.8887633,0.304254741,107.5869457,-0.40,103.30,247.95,30358.66867,262.5,2.1,63.96
Mar-2019,1.1296,102.8635,2.4,107.2505348,292.1479963,-49777,224.8369626,0.303433906,107.7139474,-0.40,104.35,249.37,26489.09502,264.1,1.9,66.14
Apr-2019,1.1234,102.2543,2.38,107.8184265,292.8714981,-50074,225.5695944,0.302337517,107.8258857,-0.40,105.10,250.45,9454.348203,264.9,1.8,71.23
May-2019,1.1187,102.4519,2.35,108.0479459,294.8772057,-51904,226.8693072,0.303676232,107.9234942,-0.40,105.24,251.75,20731.99547,266.3,1.8,71.32
Jun-2019,1.1295,102.3840,2.17,108.0694634,297.2627517,-50390,228.3250901,0.304163466,108.0066519,-0.40,105.41,252.76,11505.14476,267.4,1.4,64.22
Jul-2019,1.1211,102.0568,2.1,108.2500411,298.6876482,-49959,229.4980937,0.304122873,108.0734177,-0.40,104.91,253.91,20761.60997,268.9,1.1,63.92
Aug-2019,1.1129,102.6882,1.95,108.2445563,300.2291089,-50388,230.7581205,0.280472239,108.1204834,-0.40,105.06,255.98,28750.40138,272.5,0.8,59.04
Sep-2019,1.1011,102.3143,1.89,108.3293603,302.0639897,-48262,232.3052169,0.2673734,108.1447338,-0.44,105.29,256.78,30230.09609,272.3,0.8,62.83
Oct-2019,1.1058,101.4645,1.65,108.5770219,304.6083042,-42720,234.1529531,0.256879745,108.1462103,-0.50,105.44,257.77,25184.78878,273.6,0.9,59.71
Nov-2019,1.1051,101.9876,1.54,108.5187982,306.5718075,-40596,235.9063589,0.232156039,108.1280575,-0.50,105.10,258.66,22313.04938,275.5,1.0,63.21
Dec-2019,1.1114,101.6179,1.54,108.4200711,308.0730737,-45421,237.160231,0.233385764,108.0980738,-0.50,105.43,258.95,24069.56639,275.4,1.0,67.22
Jan-2020,1.1098,101.0918,1.52,108.8407161,309.6989429,-45452,238.1893405,0.234224769,108.0702725,-0.50,104.37,260.16,20536.04007,276.9,1.0,63.65
Feb-2020,1.0911,101.3247,1.52,109.1390069,310.9731099,-41639,239.2041491,0.233990491,108.0595226,-0.50,104.56,261.88,22788.32136,279.4,0.9,55.66
Mar-2020,1.1046,97.4477,0.29,108.9014712,321.8437236,-47157,247.5908409,0.217251941,95.98140843,-0.50,105.13,268.37,10421.09703,285.1,1.8,32.01
Apr-2020,1.0871,84.2018,0.14,108.1732534,342.5157764,-52959,264.0456012,0.205811247,93.41624151,-0.50,105.43,271.32,2018.645945,288.5,1.8,18.38
May-2020,1.0907,85.8434,0.13,108.1753629,359.6004663,-54915,275.0230194,0.107159578,91.89948151,-0.50,105.33,274.59,5776.369188,292.8,1.6,29.38
Jun-2020,1.1259,91.1622,0.16,108.7673036,365.3603441,-50675,277.4450297,0.098519255,95.79911727,-0.50,105.69,276.68,21158.85888,294.3,1.4,40.27
Jul-2020,1.1488,94.8887,0.13,109.3174751,368.1820009,-60743,278.2081566,0.091245012,99.59753241,-0.50,105.32,278.14,16915.62216,297.0,1.2,43.24
Aug-2020,1.1831,95.8924,0.1,109.6621761,369.4240122,-63733,278.4225605,0.089806822,103.4036314,-0.50,104.88,278.80,21631.54875,298.4,1.2,44.74
Sep-2020,1.1785,95.6019,0.11,109.8149078,373.9097231,-62625,280.4712413,0.091048628,103.2734376,-0.50,104.96,281.98,29220.94726,301.1,1.2,40.91
Oct-2020,1.1768,96.6454,0.1,109.8604741,376.8459343,-63678,281.420917,0.091258223,103.1390702,-0.50,105.15,283.46,28064.05915,304.1,1.2,40.19
Nov-2020,1.1826,97.1609,0.09,109.7933903,381.0482736,-67307,283.4883136,0.091883481,102.9969915,-0.50,104.80,285.47,25399.78065,306.1,1.1,42.69
Dec-2020,1.2168,98.2854,0.09,109.8967585,384.4889264,-65802,286.5025653,0.091995261,102.7431113,-0.50,105.15,289.13,37445.66727,310.4,1.0,49.99
Jan-2021,1.2178,99.3244,0.08,110.3642355,389.8026448,-67092,287.9528745,0.092480699,102.4887581,-0.50,105.32,290.66,35970.81699,312.6,1.0,54.77
Feb-2021,1.2094,96.4433,0.04,110.9684115,395.2570441,-70643,291.0053174,0.093039007,102.2297288,-0.50,105.54,,25863.14149,,,62.28
Mar-2021,1.1902,98.9318,0.03,111.7544311,,-75025,,,,-0.50,106.53,,17844.20102,,,65.41
Apr-2021,1.1965,99.0174,0.02,112.6729306,,-68899,,,,-0.50,107.14,,22840.06238,,,64.81
May-2021,1.2146,99.8562,0.02,,,,,,,-0.50,107.42,,,,,68.53
Jun-2021,,,,,,,,,,-0.50,,,,,,