Date,EXMUS,MX_GDP,MX_IR,MX_CPI,MX_BOP,MX_M3,MX_DM3,MX_UC,US_GDP,US_IR,US_CPI,US_M3,US_BOP,US_DM3Index,US_UC,OIL_Avg
Jan-2001,9.7688,90.56842068,17.89,55.41693577,-1744.801235,101.1399745,92.93950481,0.9391654,92.2054,5.15,73.87655738,100,-35202,100,0.289043561,25.62454545
Feb-2001,9.7108,86.75003679,17.34,55.38025988,-1591.575309,102.3989063,92.12378346,0.937302518,91.5813,4.88,74.17189484,100.7697255,-29301,100.9066263,0.318347484,27.5035
Mar-2001,9.5990,91.08970148,15.8,55.73113677,-1448.423457,103.282389,91.81576915,0.905717427,91.3567,4.42,74.34065911,101.9313477,-32812,102.0247462,0.338233059,24.49727273
Apr-2001,9.3276,83.27774452,14.96,56.01226399,-1281.745679,104.4099967,91.83779521,0.854936222,91.072,3.87,74.63599657,103.2175731,-30521,103.5282746,0.222962862,25.65714286
May-2001,9.1475,88.4247191,11.95,56.14079332,-1183.941975,105.9760408,92.40303618,0.760226018,90.5335,3.62,74.97352511,103.1572812,-27095,104.0753461,0.25898594,28.31363636
Jun-2001,9.0881,88.09768709,9.43,56.27357967,-1121.412346,106.4937906,94.45451671,0.694837274,90.0322,3.49,75.10009831,103.9672013,-29151,105.1143408,0.278981991,27.84904762
Jul-2001,9.1682,89.68919768,9.39,56.12736732,-1009.223457,108.5298268,94.85495171,0.679618181,89.4778,3.51,74.88914297,104.5701194,-29902,105.8957296,0.298696102,24.61363636
Aug-2001,9.1332,92.73368475,7.51,56.45990627,-1080.941975,109.9804997,96.08244709,0.559823289,89.3838,3.36,74.88914297,105.2514169,-28094,106.878583,0.309295905,25.68
Sep-2001,9.4253,90.20334655,9.32,56.98548481,-1251.634568,111.7855725,100.2514475,0.788644985,88.9262,2.64,75.2266715,107.4842236,-30217,109.5558629,0.348785276,25.6195
Oct-2001,9.3391,88.92415359,8.36,57.24303467,-1887.508642,114.286264,101.0276815,0.709707637,88.6365,2.16,74.97352511,107.2551148,-30588,109.6580088,0.140440972,20.53782609
Nov-2001,9.2250,87.54402197,7.43,57.45866922,-1981.493827,114.7542402,104.4787322,0.660817022,88.1058,1.87,74.84695191,108.1313558,-30003,111.5567373,0.1693275,18.79727273
Dec-2001,9.1574,85.84359368,6.29,57.5382428,-1899.797531,112.8458818,111.0544289,0.584339995,88.0897,1.69,74.55161444,109.1985208,-27488,111.7207385,0.186487327,18.70526316
Jan-2002,9.1636,88.59552566,6.97,58.06938821,-1336.938272,113.2937514,106.1955147,0.516081328,88.6706,1.65,74.72037871,109.6085052,-29678,111.9565828,0.160741161,19.41681818
Feb-2002,9.1050,86.94423794,7.91,58.0320574,-1132.990123,114.4863181,105.4225057,0.591452697,88.6723,1.72,75.01571617,110.1993649,-32501,113.3048471,0.163686848,20.2755
Mar-2002,9.0640,83.08938226,7.23,58.32890285,-982.4716049,114.224881,107.1706585,0.573259023,89.3624,1.79,75.43762684,110.4385224,-31161,113.5457239,0.163077357,23.69666667
Apr-2002,9.1649,84.52261495,5.76,58.64752461,-897.5012346,114.6371637,104.5437485,0.464618461,89.7933,1.71,75.8595375,110.4445516,-33965,114.0765751,0.172792925,25.72863636
May-2002,9.5099,87.37779354,6.61,58.76639378,-844.7530864,116.4037998,106.224438,0.514215728,90.1629,1.73,75.8595375,110.9690904,-34026,114.5231646,0.176619219,25.34545455
Jun-2002,9.7671,87.53822931,7.3,59.05292413,-836.345679,116.4708276,109.0285642,0.61204928,90.9078,1.7,75.90172857,111.4715222,-34732,115.0821058,0.176872059,24.08166667
Jul-2002,9.7792,85.90853595,7.38,59.22244772,-881.4,116.1522807,108.4875005,0.570696617,90.8761,1.68,75.9861107,112.3276659,-33913,116.0834687,0.177695569,25.73608696
Aug-2002,9.8389,88.16122091,6.68,59.44762589,-954.8333333,116.0153827,108.0646477,0.508656648,90.785,1.62,76.2392571,113.1797902,-36385,116.9183814,0.182543391,26.65136364
Sep-2002,10.0708,90.83059476,7.34,59.80519226,-1065.766667,116.9073861,108.5047919,0.610700687,90.8931,1.63,76.3658303,113.6701636,-36088,117.4113138,0.183424246,28.39952381
Oct-2002,10.0941,88.66900228,7.66,60.06878664,-1447.65679,122.9847216,108.7472716,0.61856045,90.6289,1.58,76.4924035,114.5665019,-35095,117.5460356,0.188594198,27.54304348
Nov-2002,10.1952,91.26659988,7.3,60.5546041,-1458.497531,123.9574329,114.1820706,0.608425493,91.1366,1.23,76.4924035,115.5733751,-39515,118.9922599,0.20618778,24.3352381
Dec-2002,10.2251,86.97647401,6.88,60.81819848,-1331.745679,123.1644558,121.8198212,0.608520447,90.6374,1.19,76.32363923,116.001447,-43607,119.2952223,0.21515422,28.3345
Jan-2003,10.6223,85.88097454,8.27,61.0640623,-808.1716049,122.1826097,119.7816251,0.69209937,91.3852,1.17,76.66116776,116.6546083,-41156,120.1117888,0.199255493,31.18363636
Feb-2003,10.9447,87.26380503,9.04,61.2336847,-600.6567901,121.4391316,119.1416805,0.672616544,91.494,1.17,77.25184269,117.3821295,-40082,120.8836758,0.201766105,32.771
Mar-2003,10.9053,87.55960202,9.17,61.62021099,-449.9716049,121.2486523,118.6004041,0.67303908,91.221,1.13,77.71594443,117.8001527,-43806,121.1577128,0.204940751,30.61238095
Apr-2003,10.5887,85.79010952,7.86,61.72541234,-419.5481481,122.1072198,116.4363671,0.593763578,90.6448,1.13,77.54718016,118.5497809,-42037,121.2748184,0.172798996,25.06772727
May-2003,10.2528,89.63768565,5.25,61.526239,-334.9481481,121.3064621,117.2601262,0.380524457,90.6163,1.07,77.42060696,119.7636561,-41045,122.640386,0.175160672,25.85772727
Jun-2003,10.5028,86.58874914,5.2,61.57706662,-259.6037037,123.6734722,117.5816568,0.412298105,90.7372,0.92,77.50498909,120.5012259,-39696,123.879036,0.1745866,27.65285714
Jul-2003,10.4581,88.73855198,4.57,61.66631046,-86.7345679,123.4593705,118.2849677,0.414950303,91.2028,0.9,77.58937123,121.4397685,-41321,124.7308386,0.17305893,28.34869565
Aug-2003,10.7830,88.50996895,4.45,61.85129934,-109.9864198,125.189043,118.0170458,0.435254422,91.0119,0.95,77.88470869,122.6074199,-39892,124.5715432,0.174122925,29.88809524
Sep-2003,10.9229,89.9203547,4.73,62.21950405,-222.5790123,125.0602375,118.9659989,0.419605773,91.6355,0.94,78.13785509,122.0446963,-41842,124.3162172,0.174107334,27.11227273
Oct-2003,11.1796,90.56316124,5.11,62.44763731,-672.7296296,125.0796267,119.4363765,0.422217851,91.7372,0.92,78.05347296,121.8618112,-41388,124.5836506,0.17091621,29.60782609
Nov-2003,11.1494,89.76946996,4.99,62.9659608,-777.8407407,133.1900801,122.7461213,0.397562038,92.3505,0.93,77.84251763,121.966317,-39898,124.7000589,0.170266265,28.7525
Dec-2003,11.2515,92.11428773,6.06,63.23664741,-786.1296296,131.0027316,135.0079781,0.491409541,92.4019,0.9,77.75813549,121.9301419,-44080,124.9639547,0.170275094,29.80714286
Jan-2004,10.9203,87.1617509,4.95,63.62967491,-630.0851852,129.3321461,129.3274326,0.375151886,92.5643,0.88,78.13785509,122.1009687,-44645,125.6830702,0.205239411,31.28095238
Feb-2004,11.0319,89.23816663,5.57,64.01029101,-495.362963,129.7611703,127.8219584,0.459590719,93.1092,0.93,78.55976576,122.8807428,-44552,126.2667225,0.205370033,30.8585
Mar-2004,11.0190,88.79932154,6.28,64.22719491,-314.4518519,130.1991234,128.4676317,0.507145066,92.7403,0.94,79.06605855,123.5982154,-46754,127.5645009,0.205855786,33.63434783
Apr-2004,11.2701,90.62378182,5.98,64.324122,143.3444444,129.8773594,128.5310502,0.434681664,93.1255,0.94,79.31920495,124.4242132,-47283,128.5045728,0.16449129,33.59090909
May-2004,11.5199,87.63719334,6.59,64.16277386,243.6111111,133.3564957,129.5091886,0.516844923,93.797,1.02,79.78330668,125.9676836,-47553,129.1013217,0.161890676,37.56761905
Jun-2004,11.3926,95.1664297,6.57,64.26561113,217.0444444,131.6359181,134.0047733,0.542595196,93.0677,1.27,80.03645308,126.0139073,-54169,130.284962,0.155938749,35.18363636
Jul-2004,11.4678,90.99711944,6.81,64.43405149,-14.75555556,130.6363316,131.8550924,0.531958465,93.7646,1.33,79.90987988,126.2892399,-51606,130.5096481,0.179823449,38.22136364
Aug-2004,11.3953,91.87463413,7.21,64.83180714,-236.1888889,130.1655304,130.8484645,0.542482387,93.8516,1.48,79.95207095,126.8137787,-53647,131.0750248,0.185286465,42.74409091
Sep-2004,11.4870,92.8659108,7.36,65.36786119,-525.6555556,133.0737338,132.0233605,0.541040159,93.9393,1.65,80.12083521,127.511154,-51686,132.0525982,0.194660786,43.19681818
Oct-2004,11.4037,92.17362753,7.76,65.82058159,-1142.987654,133.4838233,134.7126729,0.553441804,94.8012,1.76,80.54274588,128.077897,-55058,132.3064037,0.268880317,49.77666667
Nov-2004,11.3710,93.28562392,8.2,66.38204945,-1373.646914,138.6961009,137.8471439,0.596425981,95.0379,2.07,80.58493695,128.6104747,-58967,132.6062556,0.258687785,43.11045455
Dec-2004,11.2012,93.59545473,8.5,66.51916581,-1477.465432,136.251098,148.1145536,0.598699596,95.7433,2.19,80.28959948,128.9822742,-54918,133.7500369,0.247231915,39.60217391
Jan-2005,11.2627,94.85278375,8.6,66.52152989,-1431.139506,135.8874644,143.2753229,0.573967955,96.1164,2.33,80.45836375,129.1068773,-56189,133.4919143,0.280630481,44.509
Feb-2005,11.1373,91.94500191,9.15,66.74316194,-1298.754321,136.5888364,141.8932691,0.65128217,96.82,2.54,80.92246548,129.2756944,-58094,133.8353275,0.268114603,45.475
Mar-2005,11.1552,91.63183405,9.41,67.04399051,-1057.006173,136.6303822,140.9915021,0.66971547,96.6725,2.74,81.55533147,129.4565698,-53134,134.2263691,0.258599926,53.10454545
Apr-2005,11.1121,92.22078293,9.63,67.2827621,-403.445679,136.3949423,141.4604576,0.646486712,96.8638,2.78,82.10381534,129.741951,-57312,134.7851104,0.257846555,51.88380952
May-2005,10.9764,92.06412028,9.75,67.11373073,-169.808642,138.879708,141.2768689,0.664202358,96.9622,2.84,82.01943321,130.0916436,-56040,135.7674069,0.265654386,48.64545455
Jun-2005,10.8197,89.1659813,9.63,67.04930968,-53.64567901,140.5121693,145.7572712,0.617601369,97.353,2.97,82.06162427,130.7427951,-58152,136.369595,0.262053412,54.35454545
Jul-2005,10.6724,93.26785334,9.61,67.31172202,-120.7444444,140.4937863,146.1014557,0.613289979,97.0425,3.22,82.44134387,131.3778689,-58301,136.8366637,0.363522238,57.52
Aug-2005,10.6862,95.2211979,9.6,67.39210058,-190.1888889,143.3099525,144.7379756,0.613567635,97.3856,3.44,82.86325453,132.0350496,-58745,137.775444,0.351561884,63.98347826
Sep-2005,10.7858,95.29988782,9.21,67.66219617,-327.7666667,146.4678066,146.3954436,0.574780698,95.509,3.42,83.87584013,132.7223763,-64882,138.5561686,0.344761893,62.90818182
Oct-2005,10.8354,94.26135287,8.91,67.82827245,-761.7345679,147.9050972,147.9311419,0.558839836,96.6445,3.71,84.0446044,133.4076932,-67265,139.7496441,0.324806156,58.53857143
Nov-2005,10.6715,91.00676463,8.71,68.31645398,-864.3864198,154.9082535,150.9791367,0.547756396,97.6736,3.88,83.36954733,133.7372885,-63859,140.6659715,0.315912718,55.24181818
Dec-2005,10.6266,96.51348789,8.22,68.73607733,-863.9790123,152.8850729,165.6734427,0.520615683,98.2108,3.89,83.0320188,134.2738856,-64568,140.8747846,0.324334115,56.85571429
Jan-2006,10.5422,95.23225249,7.88,69.13915215,-657.4407407,155.5121454,158.4709541,0.500893132,98.3353,4.24,83.6648848,135.1260099,-66967,141.4710873,0.329517132,62.9852381
Feb-2006,10.4842,96.44395867,7.61,69.24494451,-528.2185185,161.5895494,157.9958899,0.465936105,98.3412,4.43,83.83364906,135.6143736,-62308,141.8463596,0.344514032,60.21
Mar-2006,10.7493,95.6843772,7.37,69.33182428,-373.2407407,165.2806244,162.8799979,0.451987811,98.5915,4.51,84.29775079,135.9037743,-62397,142.144409,0.341431436,62.06478261
Apr-2006,11.0489,96.2840647,7.17,69.43347951,-60.39876543,165.6717301,164.8159318,0.460594976,98.9042,4.6,85.01499892,136.6534025,-62603,142.5742319,0.353454614,70.26
May-2006,11.0908,94.20377492,7.02,69.12437668,47.00864198,168.8637767,164.3617396,0.435556149,98.8999,4.72,85.43690959,136.7880542,-64818,143.029972,0.365589066,69.77695652
Jun-2006,11.3934,96.12281638,7.02,69.18406958,81.09012346,166.1119713,170.5208084,0.44377843,99.209,4.79,85.60567385,137.5537602,-63800,143.6501809,0.368438876,68.55590909
Jul-2006,10.9830,92.24435918,7.03,69.37378661,0.077777778,165.9157524,167.8433825,0.439131929,99.1473,4.95,85.85882025,138.3857872,-66909,144.5819719,0.429254285,73.67428571
Aug-2006,10.8735,100.9731991,7.03,69.72780687,-81.16666667,166.9605093,164.0297383,0.4430232,99.5815,4.96,86.02758452,139.0047832,-68277,145.2454972,0.427032652,73.23043478
Sep-2006,10.9888,95.35537987,7.06,70.43171026,-204.4111111,165.558671,165.9783137,0.437770392,99.4133,4.81,85.60567385,139.5494192,-65095,145.7000855,0.426671811,61.95857143
Oct-2006,10.8854,100.1667352,7.05,70.73963106,-345.4135802,168.8770573,164.8365315,0.442955132,99.2931,4.92,85.14157212,140.5361952,-59538,146.5939753,0.378714371,57.80818182
Nov-2006,10.9133,99.05764117,7.04,71.11079086,-570.8395062,178.740799,171.8671583,0.439830437,99.2376,4.94,85.01499892,141.2355802,-58939,147.9238672,0.378247932,58.76136364
Dec-2006,10.8546,97.79373489,7.04,71.52213995,-856.4469136,173.3859236,186.1237788,0.449789934,100.2526,4.85,85.14157212,142.1017726,-61882,148.5407387,0.379287936,62.47210526
Jan-2007,10.9559,100.9838092,7.04,71.8915267,-1564.798765,173.7866477,176.899661,0.454417692,99.86,4.98,85.40146909,142.8614494,-58014,148.9711846,0.381010608,53.68142857
Feb-2007,10.9951,99.37284953,7.04,72.09247309,-1698.846914,177.1137539,175.0949008,0.458693437,100.8096,5.03,85.85839834,143.180996,-58479,149.4424607,0.380094005,57.55578947
Mar-2007,11.1144,101.0654556,7.04,72.24850205,-1621.154321,173.9324005,177.2616451,0.463136579,101.0257,4.94,86.6401988,143.858274,-62183,150.0551,0.379742156,62.05045455
Apr-2007,10.9802,98.32297052,7.01,72.20535768,-1010.916049,176.9879014,173.5720911,0.471050297,101.7497,4.87,87.20302763,145.3133165,-60494,151.7139089,0.378643751,67.48578947
May-2007,10.8221,95.66892639,7.24,71.85311047,-750.345679,177.9448363,174.862464,0.480331424,101.8148,4.73,87.7359008,145.5906588,-59572,151.9153017,0.381661749,67.21227273
Jun-2007,10.8330,98.09398975,7.2,71.93939922,-518.6382716,177.1246951,180.6221292,0.481867558,101.8424,4.61,87.9059308,146.2578882,-59997,152.6246003,0.381863518,71.04571429
Jul-2007,10.8146,97.32456744,7.19,72.24495594,-174.0753086,184.1940921,178.4223698,0.479953494,101.7209,4.82,87.88356953,146.8668355,-60246,153.5275927,0.409386889,76.93
Aug-2007,11.0438,93.92747041,7.2,72.5392833,-106.382716,183.3496475,181.3134707,0.475046995,101.9639,4.2,87.72239966,148.402267,-57214,155.3284503,0.419788786,70.76086957
Sep-2007,11.0319,102.3145208,7.21,73.10252422,-173.8419753,185.0059921,183.3825088,0.47304058,102.2023,3.89,87.96415447,148.770047,-58158,156.8283759,0.415709008,77.17315789
Oct-2007,10.8214,96.64858032,7.2,73.38739528,-554.2802469,188.2080185,181.418296,0.468546593,101.8873,3.9,88.15232663,149.0433699,-57666,158.1569209,0.317343086,82.34
Nov-2007,10.8811,100.6420266,7.44,73.90512774,-758.6728395,194.4934269,187.8801293,0.485270499,102.4717,3.27,88.67591776,149.543792,-60682,159.5713442,0.341640718,92.41428571
Dec-2007,10.8463,99.93952959,7.44,74.21068446,-964.8469136,195.0675186,205.2580044,0.480047131,102.4621,3,88.61642836,150.1487198,-58290,159.7593658,0.349228073,90.92684211
Jan-2008,10.9057,99.20348284,7.42,74.5546574,-1362.066667,194.5961293,196.113886,0.476137838,102.3148,2.75,89.05690309,150.8259978,-61339,160.4760076,0.257995577,92.17809524
Feb-2008,10.7679,100.1829143,7.43,74.77628945,-1429.855556,194.0921536,194.1996718,0.470674301,101.9384,2.12,89.31553433,152.5282367,-64225,162.2323372,0.245900716,94.9865
Mar-2008,10.7328,99.36951684,7.43,75.31825369,-1357.477778,197.2042791,191.138506,0.466419552,101.5904,1.26,90.0897404,153.8506371,-60200,164.982696,0.287896132,103.6355
Apr-2008,10.5146,103.2958849,7.44,75.48964914,-785.0419753,200.8077193,192.1916633,0.473685515,100.9098,1.29,90.63611471,154.71281,-63733,164.985631,0.224224219,109.0713636
May-2008,10.4381,98.2306241,7.44,75.40808855,-702.2493827,199.9363149,193.8836759,0.467182584,100.3073,1.73,91.3993511,154.955987,-62310,165.0290683,0.231729048,122.7971429
Jun-2008,10.3269,96.95527437,7.56,75.72014648,-749.208642,203.5734206,194.081434,0.469218276,100.0853,1.86,92.32038208,155.3076892,-60889,165.1894269,0.225583295,132.322381
Jul-2008,10.2094,99.00286604,7.93,76.1421339,-1040.754321,200.7743775,194.4696944,0.482155168,99.6124,1.63,92.80515744,156.2402026,-66989,165.8168891,0.228817301,132.7181818
Aug-2008,10.1154,98.41388373,8.18,76.58185188,-1261.091358,201.2447554,194.3296138,0.493892013,98.0601,1.72,92.43471987,156.5416616,-62394,165.776957,0.228481428,113.2433333
Sep-2008,10.6633,96.94023935,8.17,77.10372148,-1525.054321,205.3600093,194.5340452,0.495495553,93.8451,1.13,92.30688094,157.9464609,-60292,167.0636871,0.308641904,97.2347619
Oct-2008,12.6593,97.25381291,7.74,77.6291372,-2258.845679,208.6358049,204.127136,0.654337479,94.7036,0.67,91.37445837,160.1189758,-60879,166.3844696,0.50141893,71.58217391
Nov-2008,13.1186,100.2676144,7.43,78.51152826,-2290.408642,221.6620941,211.3666992,0.84039439,93.4737,0.19,89.62437294,161.1379075,-45132,165.2091756,0.267502508,52.45263158
Dec-2008,13.4167,99.57941135,8.02,79.05526556,-2045.945679,223.2550136,231.0703716,0.788292173,90.825,0.03,88.69743521,164.6790466,-43967,164.023322,0.27502656,39.94681818
Jan-2009,13.8839,99.22912501,7.59,79.23848139,-997.5358025,226.2340337,226.738639,0.782350436,88.583,0.13,89.08348346,166.310945,-39343,166.8546389,0.217302083,43.4395
Feb-2009,14.6066,99.11793209,7.12,79.41342295,-596.9617284,224.4325952,228.1411407,0.71304627,88.0069,0.3,89.52648966,166.8977853,-28778,166.5193865,0.219665843,43.32473684
Mar-2009,14.6466,98.25710635,7.03,79.87028048,-316.3024691,224.9391007,225.9098411,0.680643972,86.6045,0.21,89.74419556,168.2221954,-30193,166.0705793,0.226306495,46.54045455
Apr-2009,13.4035,97.19815097,6.05,80.14983237,-54.57530864,222.2555609,224.8377054,0.671927956,85.9406,0.16,89.96823013,168.2885164,-30473,164.6819656,0.20754533,50.18190476
May-2009,13.1895,101.7997076,5.29,79.91637995,-89.48271605,225.2719055,223.5246943,0.483383186,85.0635,0.18,90.2281271,169.4481289,-25839,166.1426455,0.152188848,57.3025
Jun-2009,13.3414,94.39436113,4.98,80.06354363,-320.0419753,227.32927,224.8171853,0.430948007,84.7841,0.18,91.00317699,169.639053,-27152,166.3883958,0.154555396,68.60954545
Jul-2009,13.3623,93.11529401,4.59,80.28162957,-1355.487654,224.7333119,225.8789761,0.392453509,85.7471,0.18,90.85888354,169.7375296,-33307,165.7955931,0.140751801,64.43545455
Aug-2009,13.0063,97.96388658,4.49,80.47371067,-1520.424691,223.9779236,222.6835432,0.410251949,86.7094,0.17,91.06266639,169.7294907,-31674,164.8261493,0.143903533,72.50857143
Sep-2009,13.4060,90.1096013,4.48,80.87737651,-1424.087654,229.4357689,222.4926893,0.410000454,87.4072,0.12,91.11962433,169.7134129,-35247,162.81398,0.147708661,67.64619048
Oct-2009,13.2275,85.55705225,4.51,81.1220583,-602.9407407,230.414715,228.5996877,0.366226542,87.6595,0.07,91.20738175,170.2540295,-34959,161.8604439,0.215991238,72.76954545
Nov-2009,13.1115,90.92581014,4.51,81.54286368,-331.7074074,235.7733808,231.0214764,0.380731487,88.0061,0.05,91.27193408,170.8589574,-38381,160.590405,0.21741214,76.662
Dec-2009,12.8622,88.45408001,4.5,81.88033542,-146.8518519,231.4403204,248.5622251,0.346351996,88.2819,0.05,91.11118612,170.7544515,-39426,160.0863761,0.221535662,74.45636364
Jan-2010,12.8096,89.43026713,4.49,82.77040973,-145.4753086,230.4231754,240.0925259,0.345082968,89.2744,0.06,91.42255619,169.992765,-37744,159.7598287,0.277719928,76.16736842
Feb-2010,12.9396,89.34390141,4.49,83.24913495,-60.54938272,230.1425745,236.5862588,0.359350835,89.5648,0.11,91.44533936,170.9915993,-41504,159.4410706,0.278288574,73.75210526
Mar-2010,12.5673,92.03561384,4.45,83.84015375,10.82469136,230.2243499,236.4669071,0.343985401,90.2296,0.15,91.82083986,170.9313075,-40271,157.3321922,0.27878328,78.8273913
Apr-2010,12.2396,90.78201364,4.44,83.57301326,105.3728395,233.9663956,233.5105997,0.36745476,90.5689,0.16,91.98032209,171.546284,-41496,157.6190226,0.238635382,84.81761905
May-2010,12.7262,91.46256653,4.52,83.04641551,122.0987654,234.7338666,236.9092632,0.34649257,91.8247,0.16,92.05162499,172.6496242,-42088,158.2608715,0.238417986,75.9455
Jun-2010,12.7102,95.44510208,4.59,83.02041068,97.72839506,237.677332,239.3123422,0.35115987,92.007,0.12,91.96175802,173.0314723,-47316,156.3533692,0.23962576,74.76090909
Jul-2010,12.8038,92.24626414,4.6,83.20067141,167.2296296,241.569386,241.7844425,0.344016782,92.3967,0.16,91.98116591,173.2264159,-41609,158.5832226,0.291845227,75.58
Aug-2010,12.7660,91.89223939,4.52,83.43175976,-40.55925926,240.0537688,241.9051641,0.340196837,92.7118,0.16,92.10816102,174.2373086,-45619,160.0410769,0.292579176,77.03954545
Sep-2010,12.7977,90.64037599,4.43,83.86911367,-390.6703704,245.4373846,241.9720575,0.321746636,92.9252,0.15,92.16174367,174.860324,-44333,159.7227874,0.293681562,77.84047619
Oct-2010,12.4393,92.98127508,4.03,84.38684614,-1404.516049,241.791959,244.6964425,0.310616977,92.7115,0.13,92.27650337,175.8471,-40646,161.8123093,0.248735632,82.6647619
Nov-2010,12.3376,88.69632507,3.97,85.06297165,-1648.212346,249.5632589,247.1435591,0.332779745,92.7535,0.14,92.31531915,176.2631135,-38739,161.5344146,0.24939749,85.2747619
Dec-2010,12.3902,96.82678607,4.3,85.48436805,-1643.171605,249.7861827,270.7608651,0.322711133,93.6492,0.14,92.47395756,176.900197,-41721,160.4492377,0.250732869,91.44681818
Jan-2011,12.1280,94.77761904,4.14,85.90081742,-954.9197531,249.8770878,261.7785239,0.322353726,93.4768,0.15,92.9144323,177.3222396,-48123,159.7904566,0.190352301,96.5235
Feb-2011,12.0649,95.14366534,4.04,86.22306975,-778.2604938,249.4807856,260.9861473,0.31286385,93.0617,0.13,93.37262728,178.6044455,-44753,160.753056,0.190518175,103.7163158
Mar-2011,11.9963,95.1026148,4.27,86.38848119,-678.7197531,251.6899013,260.8622271,0.314233027,94.0244,0.1,94.28311049,179.7379316,-44312,162.0728363,0.191105047,114.6434783
Apr-2011,11.7059,95.1932816,4.28,86.38162476,-624.3666667,252.7605245,262.8241163,0.3099427,93.7011,0.06,94.89023994,180.9739137,-42685,163.6903452,0.204456898,123.2588889
May-2011,11.6542,95.68541142,4.31,85.74483357,-703.0111111,256.4451934,261.3491719,0.30506691,93.849,0.04,95.33662142,182.3927811,-47725,165.873977,0.204855019,114.9890476
Jun-2011,11.8055,95.02243952,4.37,85.7405483,-882.7222222,258.2203622,267.3998885,0.28301564,94.0844,0.04,95.23451904,183.9161542,-49882,164.515325,0.205517462,113.8331818
Jul-2011,11.6741,97.47043067,4.14,86.15193426,-1531.924691,263.3784258,268.2098672,0.291158608,94.5881,0.04,95.31890118,187.246272,-46070,165.5273891,0.192206425,116.9735
Aug-2011,12.2366,95.41055741,4.05,86.28820586,-1637.450617,265.4497055,267.8727074,0.281683796,95.1605,0.02,95.58175152,191.096909,-45052,165.9780551,0.191631681,110.2195455
Sep-2011,13.0637,94.71290412,4.23,86.49989822,-1567.724691,271.2287463,278.0674963,0.276560489,95.0855,0.01,95.72688879,191.5209615,-43477,166.0234795,0.191691937,112.8338095
Oct-2011,13.4379,94.75194251,4.36,87.08355206,-854.6530864,272.240539,278.0017483,0.267066229,95.6902,0.02,95.5294346,192.2002492,-45509,165.9811942,0.247696586,109.55
Nov-2011,13.6955,93.95974327,4.35,88.02545451,-785.4938272,283.3545986,283.7013309,0.275456592,95.7307,0.01,95.44884966,193.2191808,-47460,166.5763614,0.247544588,110.7680952
Dec-2011,13.7746,90.69090035,4.34,88.74880816,-892.1530864,282.5235015,308.176074,0.275926341,96.2047,0.01,95.21342351,194.1778207,-49473,166.0993934,0.248232024,107.8705
Jan-2012,13.3829,98.18246059,4.27,89.37702881,-1700.319753,282.7370657,297.7489083,0.269716316,96.7772,0.03,95.6323808,195.6589895,-50126,167.183275,0.228695098,110.686
Feb-2012,12.7833,94.31540932,4.32,89.55872427,-1764.349383,288.4325211,293.6322329,0.27145067,97.051,0.09,96.05344764,196.8226215,-42780,168.193508,0.228327847,119.327
Mar-2012,12.7523,97.66862004,4.24,89.61014752,-1609.930864,286.2336474,304.9626257,0.290309604,96.5714,0.08,96.78293118,197.7812613,-49749,168.4235396,0.227198539,125.4454545
Apr-2012,13.0559,98.59119183,4.29,89.32903378,-694.5604938,290.3628152,301.0325971,0.273697636,97.3139,0.08,97.07531527,198.8423972,-46842,169.0448851,0.228489268,119.4216667
May-2012,13.6199,97.67250022,4.39,89.04706298,-510.1234568,295.3015214,304.9332971,0.268154058,97.4669,0.09,96.96139939,199.7407452,-45106,168.7341447,0.228448186,110.3395238
Jun-2012,13.9193,99.20397993,4.34,89.45759189,-514.1160494,295.7564463,314.4120665,0.268391361,97.4577,0.09,96.8192155,201.0189316,-42941,170.1763944,0.228309712,95.15571429
Jul-2012,13.3638,97.14619514,4.15,89.95982559,-799.4320988,297.9464568,307.7835772,0.274457434,97.6786,0.1,96.66142091,202.1684955,-42406,171.2815666,0.221473535,102.6185714
Aug-2012,13.1793,101.6963099,4.13,90.22979763,-1110.61358,296.6858256,310.7116882,0.275126893,97.2842,0.1,97.19935701,203.372322,-44030,171.6135123,0.2217736,113.356087
Sep-2012,12.9235,101.4454127,4.17,90.62747073,-1540.554321,300.3998653,310.7164781,0.277980641,97.2295,0.11,97.63308117,204.9399092,-38794,173.2221411,0.220967481,112.8636842
Oct-2012,12.8976,98.84644002,4.21,91.08599466,-2490.281481,301.3596303,310.0471121,0.280076495,97.5344,0.1,97.59510921,206.2140761,-41467,173.4439735,0.183130715,111.7108696
Nov-2012,13.0639,97.45159694,4.29,91.70478772,-2856.97037,306.6721381,320.8827017,0.282089495,97.9837,0.09,97.13269512,207.4882431,-45332,174.8166121,0.184501177,109.0585714
Dec-2012,12.8651,97.41884601,4.05,91.91562302,-3041.648148,308.1808247,338.5824548,0.288489482,98.2122,0.07,96.87111051,210.1330439,-36334,177.4369848,0.184642915,109.494
Jan-2013,12.6964,96.59640645,4.15,92.28587039,-2760.867901,305.270774,328.0529256,0.28293282,98.1664,0.07,97.15758785,210.6415049,-40135,177.3411608,0.195798989,112.96
Feb-2013,12.7249,101.7287141,4.19,92.74010906,-2794.108642,308.5723798,324.214399,0.280428743,98.6458,0.1,97.95331137,210.8806624,-41004,176.6479109,0.195530749,116.0505263
Mar-2013,12.5000,97.34336615,3.98,93.42061001,-2857.923457,303.2329181,327.4220128,0.24994859,99.0597,0.09,98.20941114,212.2131115,-34314,176.4863412,0.195097518,108.474
Apr-2013,12.2061,102.2134987,3.82,93.4823179,-3218.687654,309.232621,320.6940428,0.242909189,98.9927,0.06,98.10730876,212.9044576,-38487,177.8987823,0.20184838,102.2481818
May-2013,12.2993,100.8647023,3.72,93.17120727,-3143.869136,313.4794248,326.9461566,0.250306761,99.0726,0.04,98.28197977,213.704329,-41701,177.9856699,0.203537193,102.5586364
Jun-2013,12.9636,101.8862771,3.78,93.1146417,-2899.84321,315.4969871,330.912041,0.247303591,99.2065,0.05,98.51782784,214.7594357,-34426,178.5051577,0.203858496,102.9195
Jul-2013,12.7615,101.9524741,3.85,93.08378775,-1941.483951,321.0365236,329.5687244,0.251626453,98.9204,0.04,98.55664362,215.691949,-36356,178.8998666,0.163973006,107.9331818
Aug-2013,12.9120,99.66198839,3.84,93.34861746,-1767.887654,320.7694003,334.7038943,0.24365966,99.4996,0.04,98.67520051,216.7872503,-36617,179.0170613,0.164127722,111.2804545
Sep-2013,13.0553,103.7382202,3.64,93.70000964,-1833.928395,327.9776671,334.2692673,0.231385351,100.0568,0.02,98.78996021,217.8262792,-39917,180.3770221,0.164163552,111.5965
Oct-2013,12.9916,102.4699416,3.39,94.14567777,-2550.633333,333.9302447,334.2473717,0.228690589,99.9168,0.05,98.53554808,220.1073194,-36285,180.8824079,0.239210427,109.0765217
Nov-2013,13.0597,96.80949135,3.39,95.02330116,-2787.677778,337.4928626,351.4328401,0.232932099,100.1762,0.07,98.3342967,220.213835,-33983,180.5929043,0.238611303,107.792
Dec-2013,13.0099,100.2236605,3.29,95.56838756,-2956.088889,337.9062263,373.7333186,0.214894403,100.3658,0.07,98.32585848,221.5442743,-33636,181.7607015,0.238983517,110.7566667
Jan-2014,13.2220,99.14239189,3.14,96.42287049,-3059.471605,339.2387739,368.2454938,0.222182049,100.038,0.04,98.69165503,222.6757506,-37433,181.6270686,0.175417629,108.1177273
Feb-2014,13.2928,96.19843242,3.16,96.6671309,-3087.912346,338.5700534,366.2970347,0.213652675,100.7918,0.05,99.05660775,224.5387676,-40119,183.0158858,0.175406683,108.9005263
Mar-2014,13.1929,97.97123879,3.17,96.93196062,-3045.016049,343.0185877,365.2549759,0.224586306,101.7782,0.05,99.69453668,225.3064834,-42940,183.6502513,0.175089262,107.4809524
Apr-2014,13.0669,99.92732879,3.23,96.75112221,-3047.439506,343.7422804,368.1807959,0.229932803,101.8337,0.03,100.0232051,226.3575706,-43735,183.8580284,0.175412601,107.7552381
May-2014,12.9330,102.4705454,3.28,96.44172568,-2774.376543,349.74556,371.98002,0.217505495,102.2325,0.03,100.3725471,227.6940391,-39575,184.868532,0.175392001,109.5390909
Jun-2014,12.9932,98.64816489,3.02,96.60885123,-2342.483951,352.7261093,373.4515469,0.187894993,102.5722,0.04,100.5594535,228.7149805,-38895,185.1939804,0.174733754,111.7952381
Jul-2014,12.9914,100.6279216,2.83,96.87453799,-1159.890123,354.5567305,377.3177848,0.191661664,102.8479,0.03,100.5202158,229.8605249,-38935,185.2394434,0.190495135,106.7681818
Aug-2014,13.1436,101.8318204,2.77,97.22250196,-854.2419753,352.5149888,378.973875,0.197259517,102.6491,0.03,100.3522954,230.4453555,-36935,185.3406945,0.190703287,101.6080952
Sep-2014,13.2370,98.34170722,2.83,97.65188605,-833.6679012,362.0340579,378.8316251,0.18567566,102.9858,0.02,100.4278174,231.1226335,-41672,185.4109979,0.190888257,97.09142857
Oct-2014,13.4795,104.8490873,2.9,98.19183013,-1388.454321,364.4840896,389.9088823,0.190167595,102.9911,0.02,100.1755148,232.3666546,-41067,186.2921009,0.191572155,87.42521739
Nov-2014,13.6148,101.7855475,2.85,98.98374811,-1720.31358,369.3467366,400.7361789,0.187705957,103.6669,0.02,99.63462536,233.0921661,-39808,186.3207906,0.192371425,79.43789474
Dec-2014,14.5205,98.20581371,2.81,99.46884073,-2119.532099,374.6837491,427.0630787,0.197158791,103.6139,0.03,99.06968698,234.6858797,-42838,188.1949994,0.191884966,62.335
Jan-2015,14.6972,100,2.67,99.37885005,-2980.633333,375.7626388,429.1125282,0.19879236,102.8479,0.03,98.6034757,236.0906789,-38871,189.1015393,0.17147665,47.7595
Feb-2015,14.9170,100.1170033,2.81,99.56740195,-3218.677778,371.3787623,427.8503507,0.19582712,102.2292,0.02,99.03171502,238.6591101,-33888,190.6265544,0.171362937,58.0955
Mar-2015,15.2375,97.52571054,3.04,99.97278853,-3228.188889,377.7283974,428.3474358,0.201233111,101.8945,0.03,99.62112422,238.9927248,-48699,191.4316233,0.170796079,55.88545455
Apr-2015,15.1943,103.4713832,2.97,99.7139582,-2596.761728,382.683201,433.8761112,0.197041369,101.2859,0.02,99.82364134,239.7825475,-39853,190.9020626,0.182485329,59.52428571
May-2015,15.2796,100.6972104,2.98,99.21600977,-2458.509877,382.441592,438.2278888,0.215321557,100.8408,0.02,100.3324656,240.3914948,-38573,191.2253402,0.183159728,64.075
Jun-2015,15.4792,105.0596346,2.96,99.38227826,-2401.028395,384.7465102,439.7049018,0.191119236,100.5063,0.02,100.6839172,241.2978817,-42514,191.3323923,0.182819941,61.47772727
Jul-2015,15.9515,102.8922278,2.99,99.52797746,-2598.504938,385.2789049,447.8316851,0.187969252,101.1831,0.03,100.6906678,242.2906869,-40395,192.6675013,0.203354095,56.56130435
Aug-2015,16.5340,103.2469914,3.04,99.73795571,-2571.923457,381.5417611,448.8180656,0.189907101,100.9115,0.07,100.548062,243.269424,-44269,194.3672236,0.202840422,46.515
Sep-2015,16.8387,102.8450837,3.1,100.1116313,-2495.471605,388.0258033,449.0034936,0.196763207,100.568,0.02,100.3915331,244.3546766,-41711,193.7912523,0.203476131,47.62318182
Oct-2015,16.5697,102.0054517,3.02,100.6267208,-2109.895062,385.0552537,456.9923979,0.202163008,100.1588,0.02,100.3463887,245.1163632,-40955,194.9495703,0.17909849,48.43
Nov-2015,16.6306,107.8414824,3.02,101.1760925,-2128.14321,396.8363909,458.3137309,0.211117649,99.4099,0.12,100.1345895,246.8125729,-40575,195.0454449,0.179249846,44.26761905
Dec-2015,17.0696,103.6820363,3.14,101.5883355,-2290.961728,402.3243312,489.0688122,0.220612744,98.8329,0.23,99.79241995,248.0867398,-41116,195.6760809,0.176815193,38.00545455
Jan-2016,18.0648,101.4916947,3.08,101.9757239,-3057.708642,400.8394768,486.1922698,0.225083937,99.4797,0.26,99.95738702,250.7315407,-40157,196.7418433,0.19872326,30.6995
Feb-2016,18.4332,102.5729925,3.36,102.4222491,-3165.149383,399.6347522,481.8865673,0.235732656,98.9583,0.31,100.0396596,252.3594196,-43455,198.2555558,0.198188109,32.1815
Mar-2016,17.6303,101.6594594,3.8,102.5730906,-3072.641975,400.8913953,483.3349275,0.254884844,98.1954,0.29,100.4704304,253.6496644,-36917,198.7297384,0.198456661,38.21045455
Apr-2016,17.4795,99.33075311,3.74,102.2482671,-2450.47284,405.6655752,487.4287835,0.273104905,98.4673,0.23,100.9467675,255.2654849,-38127,199.411926,0.226816187,41.58333333
May-2016,18.1360,104.2816537,3.81,101.7923144,-2205.354321,412.3187027,494.2785642,0.247541763,98.2889,0.27,101.3551771,256.6079826,-39150,200.348359,0.227596064,46.74238095
Jun-2016,18.6538,101.7020158,3.81,101.9045885,-2007.57284,415.3217719,502.2894606,0.261363892,98.7201,0.27,101.6880646,257.9565095,-41873,202.0311105,0.225787783,48.24727273
Jul-2016,18.6155,103.6417264,4.21,102.1702752,-1961.637037,412.8951916,506.8571408,0.28324001,98.8992,0.3,101.5235194,259.1342096,-40148,202.1116365,0.186413933,44.95190476
Aug-2016,18.4742,103.9002461,4.24,102.4582454,-1780.148148,421.5867008,504.7104046,0.285363802,98.7249,0.3,101.6167617,260.7319426,-40421,203.0145896,0.186269951,45.84304348
Sep-2016,19.2436,105.6828798,4.28,103.0838949,-1567.614815,420.1189613,510.1376116,0.295145942,98.606,0.29,101.8610479,261.9237108,-37237,202.8640294,0.185306197,46.56772727
Oct-2016,18.8912,105.383457,4.69,103.7095444,-751.1679012,428.0306229,509.3085414,0.317048626,98.6703,0.33,101.9880431,263.3867921,-38765,202.9518999,0.203792126,49.52238095
Nov-2016,20.0086,105.5950187,5.15,104.5203175,-906.1975309,438.2851617,526.2102177,0.330961326,98.2288,0.45,101.8294046,264.8860485,-44083,203.8441075,0.204857299,44.73409091
Dec-2016,20.4992,107.5033883,5.61,105.0019819,-1459.834568,437.4963688,555.0852628,0.454163004,98.8958,0.51,101.8627356,265.691949,-41143,204.1592113,0.203639226,53.3085
Jan-2017,21.3911,103.8031927,5.83,106.7872256,-3845.911111,436.2544946,548.7858645,0.40555175,98.7446,0.51,102.4563639,267.1992443,-42946,205.0144099,0.224538236,54.57666667
Feb-2017,20.3008,101.9493436,6.06,107.4043046,-4121.388889,438.296189,547.2658147,0.434554764,98.3676,0.52,102.7787036,268.6181117,-39811,205.8427434,0.224389191,54.8695
Mar-2017,19.2800,103.7027612,6.32,108.0633792,-3720.1,439.1672264,546.0795196,0.449771324,99.1065,0.74,102.8622419,270.0108525,-41476,206.9140154,0.222976447,51.58913043
Apr-2017,18.7672,102.666943,6.5,108.1962225,-1111.876543,436.5786298,549.5315645,0.455894021,100.0363,0.8,103.1672834,271.1764942,-44357,208.1210926,0.218895507,52.30789474
May-2017,18.7666,102.4934196,6.56,108.0668074,-504.6802469,446.0010673,544.0720585,0.42025703,100.147,0.89,103.2554627,272.1974356,-44126,208.8601575,0.218599689,50.32652174
Jun-2017,18.1293,103.3225732,6.82,108.3384935,-368.3432099,453.6423082,551.9773481,0.423091991,100.3042,0.98,103.3491269,272.7460911,-43001,209.4233068,0.214981262,46.36818182
Jul-2017,17.8081,103.784652,6.99,108.7481654,-1639.690123,449.2349562,552.6434028,0.408026069,100.2092,1.07,103.277824,273.8876161,-42007,209.9355407,0.212682562,48.47857143
Aug-2017,17.7969,104.8919358,6.94,109.2855383,-1742.453086,458.4134216,547.4154785,0.411685393,99.7055,1.01,103.5870845,274.8723823,-41162,211.2128352,0.211744648,51.70434783
Sep-2017,17.8305,104.803961,6.99,109.6275029,-1613.45679,459.3213417,558.2962522,0.392453093,99.7485,1.03,104.1355683,275.7084288,-41465,212.127409,0.211435302,56.15285714
Oct-2017,18.8215,103.4557696,7.03,110.3174314,-314.8246914,467.9365841,562.8403874,0.402296106,100.988,1.07,104.0697503,276.7735841,-41615,213.0659595,0.196667088,57.50772727
Nov-2017,18.9306,105.7098984,7.02,111.4547422,-425.717284,484.9395193,574.290202,0.401202368,101.273,1.23,104.0722817,277.4649303,-44623,213.9530731,0.195994199,62.71409091
Dec-2017,19.1765,103.4450118,7.17,112.1138168,-1008.258025,470.0889018,610.5343629,0.466436288,101.3696,1.32,104.0111047,278.5220467,-46149,214.3510395,0.210908443,64.37368421
Jan-2018,18.9118,105.9275277,7.25,112.7094694,-3527.069136,473.7038617,590.8563891,0.414918437,101.3561,1.41,104.5777307,278.8717392,-47056,214.6453799,0.220918192,69.07727273
Feb-2018,18.6473,106.1193003,7.4,113.1388535,-3954.439506,485.782035,590.8305909,0.415525146,101.6495,1.57,105.0519583,279.727883,-49149,214.8992831,0.219523071,65.3175
Mar-2018,18.5901,101.75113,7.47,113.5048156,-3754.991358,486.4314599,601.0217033,0.420828912,102.298,1.7,105.289494,280.861369,-43981,215.4857293,0.226820712,66.01666667
Apr-2018,18.3876,104.0310102,7.46,113.1199983,-1591.104938,491.3512671,600.2955195,0.414849552,103.4095,1.76,105.7080294,281.4723261,-45105,215.9725619,0.308707487,72.106
May-2018,19.5525,103.4930584,7.51,112.9365887,-1141.234568,497.0252654,602.8372551,0.41644684,102.5408,1.86,106.1476603,282.7806584,-41185,216.7730434,0.244144008,76.9752381
Jun-2018,20.2878,100.3667155,7.64,113.3728292,-1067.760494,493.0831193,617.758242,0.428139707,103.3045,1.9,106.3168465,283.9804655,-44871,217.7317117,0.258384791,74.4047619
Jul-2018,18.9856,108.0002021,7.73,113.9804806,-2153.58642,497.0266926,605.1258643,0.429748158,103.5474,1.96,106.324019,284.565296,-49512,218.2484469,0.258327221,74.25409091
Aug-2018,18.8633,99.81613282,7.73,114.6454783,-2245.72716,499.293728,609.8213267,0.427284696,104.1659,2.03,106.3830864,285.4174203,-49738,218.5908563,0.256903774,72.52826087
Sep-2018,18.9991,105.5404924,7.69,115.1303361,-2127.08642,501.699823,606.3330214,0.424134635,104.1315,2.13,106.5067063,286.0323968,-51773,219.4208665,0.25825031,78.891
Oct-2018,19.1958,105.5427901,7.69,115.7269964,-984.0246914,509.6775613,612.9866372,0.430625933,103.9874,2.25,106.6948784,286.1791069,-52345,220.0133151,0.281003587,81.03217391
Nov-2018,20.2448,102.9071365,7.83,116.7115429,-1054.050617,515.5859504,632.9188567,0.444831679,103.9127,2.33,106.3375201,286.5529161,-50547,220.1417466,0.27910104,64.74818182
Dec-2018,20.0972,106.224007,8.02,117.5295265,-1523.524691,513.9998926,650.3077585,0.492525608,103.867,2.37,105.997882,288.9424816,-55687,222.025403,0.285912589,57.36235294
Jan-2019,19.1704,101.6687601,7.95,117.6299206,-4098.377778,512.4501519,632.760802,0.461331124,103.3023,2.37,106.1999772,290.3412517,-48818,223.0489518,0.304211167,59.40954545
Feb-2019,19.1953,105.7947232,7.93,117.5968362,-4087.3,517.3103925,629.6522393,0.457676372,102.728,2.39,106.6488902,291.2054343,-48032,223.8887633,0.304254741,63.9605
Mar-2019,19.2442,104.8044691,8.02,118.0497504,-3196.222222,515.9115514,631.8065124,0.453011177,102.8635,2.4,107.2505348,292.1479963,-49777,224.8369626,0.303433906,66.13857143
Apr-2019,18.9641,101.1016184,7.78,118.1124967,772.8901235,524.5728123,629.8356698,0.455326585,102.2543,2.38,107.8184265,292.8714981,-50074,225.5695944,0.302337517,71.23333333
May-2019,19.1110,103.7716755,8.07,117.7725258,1775.441975,527.250766,636.59497,0.448492653,102.4519,2.35,108.0479459,294.8772057,-51904,226.8693072,0.303676232,71.31772727
Jun-2019,19.2728,104.9609837,8.25,117.8478214,2009.467901,526.2733237,638.1677993,0.44281027,102.384,2.17,108.0694634,297.2627517,-50390,228.3250901,0.304163466,64.2205
Jul-2019,19.0452,101.0709787,8.14,118.290468,46.85925926,539.206669,639.9819781,0.448161002,102.0568,2.1,108.2500411,298.6876482,-49959,229.4980937,0.304122873,63.91913043
Aug-2019,19.6828,104.2003176,8.01,118.2710737,-185.0851852,538.4109799,650.5305171,0.449108051,102.6882,1.95,108.2445563,300.2291089,-50388,230.7581205,0.280472239,59.04181818
Sep-2019,19.5470,103.965178,7.72,118.5813827,-114.4740741,538.2481301,642.8325957,0.435955326,102.3143,1.89,108.3293603,302.0639897,-48262,232.3052169,0.2673734,62.82666667
Oct-2019,19.3193,107.4680118,7.66,119.2213949,1346.801235,546.1983598,643.6405908,0.429089804,101.4645,1.65,108.5770219,304.6083042,-42720,234.1529531,0.256879745,59.71304348
Nov-2019,19.3261,106.3013003,7.47,120.1831246,1206.441975,550.4908517,667.5544246,0.415607567,101.9876,1.54,108.5187982,306.5718075,-40596,235.9063589,0.232156039,63.21190476
Dec-2019,19.1024,104.6847369,7.12,120.8539396,552.5567901,548.8357253,693.2331544,0.439743103,101.6179,1.54,108.4200711,308.0730737,-45421,237.160231,0.233385764,67.21714286
Jan-2020,18.8066,106.7661259,7.12,121.4391915,-2147.244444,555.3410369,679.3896635,0.400712869,101.0918,1.52,108.8407161,309.6989429,-45452,238.1893405,0.234224769,63.64545455
Feb-2020,18.8423,103.6029498,6.96,121.9434436,-2678.888889,575.1257462,682.7640001,0.388934022,101.3247,1.52,109.1390069,310.9731099,-41639,239.2041491,0.233990491,55.657
Mar-2020,22.3785,106.5732671,6.81,121.8852606,-2574.766667,593.2318963,715.6329297,0.380533908,97.4477,0.29,108.9014712,321.8437236,-47157,247.5908409,0.217251941,32.01136364
Apr-2020,24.1798,103.214702,6.09,120.6497289,-1539.050617,596.6046076,747.077431,0.390317503,84.2018,0.14,108.1732534,342.5157764,-52959,264.0456012,0.205811247,18.3785
May-2020,23.5240,97.90568677,5.47,121.1140516,-385.2654321,594.0390071,759.4250432,0.376548819,85.8434,0.13,108.1753629,359.6004663,-54915,275.0230194,0.107159578,29.37894737
Jun-2020,22.3069,104.2261866,5.06,121.7768807,1182.416049,600.8108974,761.1904217,0.370863505,91.1622,0.16,108.7673036,365.3603441,-50675,277.4450297,0.098519255,40.26681818
Jul-2020,22.3952,104.5402528,4.82,122.5766108,4589.78642,601.8204881,773.952834,0.379965059,94.8887,0.13,109.3174751,368.1820009,-60743,278.2081566,0.091245012,43.24217391
Aug-2020,22.2017,100.978199,4.49,123.0591869,5915.916049,602.4812008,772.3656477,0.371290777,95.8924,0.1,109.6621761,369.4240122,-63733,278.4225605,0.089806822,44.736
Sep-2020,21.6613,104.1762352,4.38,123.3409748,6586.597531,605.9560482,770.2405669,0.373997091,95.6019,0.11,109.8149078,373.9097231,-62625,280.4712413,0.091048628,40.90954545
Oct-2020,21.2804,100.8645158,4.2,124.0939305,6916.206173,609.2527172,781.8541637,0.346146463,96.6454,0.1,109.8604741,376.8459343,-63678,281.420917,0.091258223,40.18954545
Nov-2020,20.4566,103.8752035,4.23,124.1874795,6040.209877,618.3872915,789.6307707,0.327714757,97.1609,0.09,109.7933903,381.0482736,-67307,283.4883136,0.091883481,42.69238095
Dec-2020,19.9604,102.9540858,4.27,124.6609288,4272.983951,625.2955412,824.122903,0.332002917,98.2854,0.09,109.8967585,384.4889264,-65802,286.5025653,0.091995261,49.99363636
Jan-2021,19.9412,103.0974629,4.22,125.7321793,-1384.523457,627.3214669,824.1797133,0.297846505,99.3244,0.08,110.3642355,389.8026448,-67092,287.9528745,0.092480699,54.774
Feb-2021,20.3296,105.3247246,4.12,126.5273461,-2684.919753,636.8588408,823.5510238,0.281036499,96.4433,0.04,110.9684115,395.2570441,-70643,291.0053174,0.093039007,62.2765
