,EXUSEU_Avg,US_IR,US_M3,US_DM3Index,US_UC,EU_OR_Avg,EU_M3,EU_DM3Index,EU_UC,y,EXUSEU_Avg2,US_IR2,US_M32,US_DM3Index2,US_UC2,EU_OR_Avg2,EU_M32,EU_DM3Index2,EU_UC2,EXUSEU_Avg3,US_IR3,US_M33,US_DM3Index3,US_UC3,EU_OR_Avg3,EU_M33,EU_DM3Index3,EU_UC3,EXUSEU_Avg4,US_IR4,US_M34,US_DM3Index4,US_UC4,EU_OR_Avg4,EU_M34,EU_DM3Index4,EU_UC4,EXUSEU_Avg5,US_IR5,US_M35,US_DM3Index5,US_UC5,EU_OR_Avg5,EU_M35,EU_DM3Index5,EU_UC5,EXUSEU_Avg6,US_IR6,US_M36,US_DM3Index6,US_UC6,EU_OR_Avg6,EU_M36,EU_DM3Index6,EU_UC6
0,0.9376,5.15,100.0,100.0,0.29,3.75,100.0,100.0,3.4,1.0,0.9205,4.88,101.0,100.91,0.32,3.75,100.5,100.4,3.3,0.9083,4.42,102.0,102.02,0.34,3.75,101.1,100.9,3.3,0.8925,3.87,103.0,103.53,0.22,3.75,101.74,101.6,3.3,0.8753,3.62,103.0,104.08,0.26,3.58,102.34,102.1,3.4,0.853,3.49,104.0,105.11,0.28,3.5,103.34,102.8,3.4
1,0.9205,4.88,101.0,100.91,0.32,3.75,100.5,100.4,3.3,1.0,0.9083,4.42,102.0,102.02,0.34,3.75,101.1,100.9,3.3,0.8925,3.87,103.0,103.53,0.22,3.75,101.74,101.6,3.3,0.8753,3.62,103.0,104.08,0.26,3.58,102.34,102.1,3.4,0.853,3.49,104.0,105.11,0.28,3.5,103.34,102.8,3.4,0.8615,3.51,105.0,105.9,0.3,3.5,103.77,103.1,3.5
2,0.9083,4.42,102.0,102.02,0.34,3.75,101.1,100.9,3.3,1.0,0.8925,3.87,103.0,103.53,0.22,3.75,101.74,101.6,3.3,0.8753,3.62,103.0,104.08,0.26,3.58,102.34,102.1,3.4,0.853,3.49,104.0,105.11,0.28,3.5,103.34,102.8,3.4,0.8615,3.51,105.0,105.9,0.3,3.5,103.77,103.1,3.5,0.9014,3.36,105.0,106.88,0.31,3.49,104.47,103.4,3.3
3,0.8925,3.87,103.0,103.53,0.22,3.75,101.74,101.6,3.3,1.0,0.8753,3.62,103.0,104.08,0.26,3.58,102.34,102.1,3.4,0.853,3.49,104.0,105.11,0.28,3.5,103.34,102.8,3.4,0.8615,3.51,105.0,105.9,0.3,3.5,103.77,103.1,3.5,0.9014,3.36,105.0,106.88,0.31,3.49,104.47,103.4,3.3,0.9114,2.64,107.0,109.56,0.35,3.03,105.41,104.7,3.4
4,0.8753,3.62,103.0,104.08,0.26,3.58,102.34,102.1,3.4,1.0,0.853,3.49,104.0,105.11,0.28,3.5,103.34,102.8,3.4,0.8615,3.51,105.0,105.9,0.3,3.5,103.77,103.1,3.5,0.9014,3.36,105.0,106.88,0.31,3.49,104.47,103.4,3.3,0.9114,2.64,107.0,109.56,0.35,3.03,105.41,104.7,3.4,0.905,2.16,107.0,109.66,0.14,2.75,106.16,105.0,3.4
5,0.853,3.49,104.0,105.11,0.28,3.5,103.34,102.8,3.4,1.0,0.8615,3.51,105.0,105.9,0.3,3.5,103.77,103.1,3.5,0.9014,3.36,105.0,106.88,0.31,3.49,104.47,103.4,3.3,0.9114,2.64,107.0,109.56,0.35,3.03,105.41,104.7,3.4,0.905,2.16,107.0,109.66,0.14,2.75,106.16,105.0,3.4,0.8883,1.87,108.0,111.56,0.17,2.38,106.9,105.6,3.3
6,0.8615,3.51,105.0,105.9,0.3,3.5,103.77,103.1,3.5,1.0,0.9014,3.36,105.0,106.88,0.31,3.49,104.47,103.4,3.3,0.9114,2.64,107.0,109.56,0.35,3.03,105.41,104.7,3.4,0.905,2.16,107.0,109.66,0.14,2.75,106.16,105.0,3.4,0.8883,1.87,108.0,111.56,0.17,2.38,106.9,105.6,3.3,0.8912,1.69,109.0,111.72,0.19,2.25,107.53,106.0,3.5
7,0.9014,3.36,105.0,106.88,0.31,3.49,104.47,103.4,3.3,1.0,0.9114,2.64,107.0,109.56,0.35,3.03,105.41,104.7,3.4,0.905,2.16,107.0,109.66,0.14,2.75,106.16,105.0,3.4,0.8883,1.87,108.0,111.56,0.17,2.38,106.9,105.6,3.3,0.8912,1.69,109.0,111.72,0.19,2.25,107.53,106.0,3.5,0.8832,1.65,110.0,111.96,0.16,2.25,107.97,106.7,3.6
8,0.9114,2.64,107.0,109.56,0.35,3.03,105.41,104.7,3.4,1.0,0.905,2.16,107.0,109.66,0.14,2.75,106.16,105.0,3.4,0.8883,1.87,108.0,111.56,0.17,2.38,106.9,105.6,3.3,0.8912,1.69,109.0,111.72,0.19,2.25,107.53,106.0,3.5,0.8832,1.65,110.0,111.96,0.16,2.25,107.97,106.7,3.6,0.8707,1.72,110.0,113.3,0.16,2.25,108.1,106.8,3.6
9,0.905,2.16,107.0,109.66,0.14,2.75,106.16,105.0,3.4,1.0,0.8883,1.87,108.0,111.56,0.17,2.38,106.9,105.6,3.3,0.8912,1.69,109.0,111.72,0.19,2.25,107.53,106.0,3.5,0.8832,1.65,110.0,111.96,0.16,2.25,107.97,106.7,3.6,0.8707,1.72,110.0,113.3,0.16,2.25,108.1,106.8,3.6,0.8766,1.79,110.0,113.55,0.16,2.25,108.55,107.4,3.8
10,0.8883,1.87,108.0,111.56,0.17,2.38,106.9,105.6,3.3,1.0,0.8912,1.69,109.0,111.72,0.19,2.25,107.53,106.0,3.5,0.8832,1.65,110.0,111.96,0.16,2.25,107.97,106.7,3.6,0.8707,1.72,110.0,113.3,0.16,2.25,108.1,106.8,3.6,0.8766,1.79,110.0,113.55,0.16,2.25,108.55,107.4,3.8,0.886,1.71,110.0,114.08,0.17,2.25,109.12,108.0,3.7
11,0.8912,1.69,109.0,111.72,0.19,2.25,107.53,106.0,3.5,1.0,0.8832,1.65,110.0,111.96,0.16,2.25,107.97,106.7,3.6,0.8707,1.72,110.0,113.3,0.16,2.25,108.1,106.8,3.6,0.8766,1.79,110.0,113.55,0.16,2.25,108.55,107.4,3.8,0.886,1.71,110.0,114.08,0.17,2.25,109.12,108.0,3.7,0.917,1.73,111.0,114.52,0.18,2.25,109.93,108.6,3.7
12,0.8832,1.65,110.0,111.96,0.16,2.25,107.97,106.7,3.6,1.0,0.8707,1.72,110.0,113.3,0.16,2.25,108.1,106.8,3.6,0.8766,1.79,110.0,113.55,0.16,2.25,108.55,107.4,3.8,0.886,1.71,110.0,114.08,0.17,2.25,109.12,108.0,3.7,0.917,1.73,111.0,114.52,0.18,2.25,109.93,108.6,3.7,0.9561,1.7,111.0,115.08,0.18,2.25,110.24,109.5,3.6
13,0.8707,1.72,110.0,113.3,0.16,2.25,108.1,106.8,3.6,1.0,0.8766,1.79,110.0,113.55,0.16,2.25,108.55,107.4,3.8,0.886,1.71,110.0,114.08,0.17,2.25,109.12,108.0,3.7,0.917,1.73,111.0,114.52,0.18,2.25,109.93,108.6,3.7,0.9561,1.7,111.0,115.08,0.18,2.25,110.24,109.5,3.6,0.9935,1.68,112.0,116.08,0.18,2.25,110.82,110.0,3.6
14,0.8766,1.79,110.0,113.55,0.16,2.25,108.55,107.4,3.8,1.0,0.886,1.71,110.0,114.08,0.17,2.25,109.12,108.0,3.7,0.917,1.73,111.0,114.52,0.18,2.25,109.93,108.6,3.7,0.9561,1.7,111.0,115.08,0.18,2.25,110.24,109.5,3.6,0.9935,1.68,112.0,116.08,0.18,2.25,110.82,110.0,3.6,0.9781,1.62,113.0,116.92,0.18,2.25,111.59,110.9,3.4
15,0.886,1.71,110.0,114.08,0.17,2.25,109.12,108.0,3.7,1.0,0.917,1.73,111.0,114.52,0.18,2.25,109.93,108.6,3.7,0.9561,1.7,111.0,115.08,0.18,2.25,110.24,109.5,3.6,0.9935,1.68,112.0,116.08,0.18,2.25,110.82,110.0,3.6,0.9781,1.62,113.0,116.92,0.18,2.25,111.59,110.9,3.4,0.9806,1.63,114.0,117.41,0.18,2.25,112.66,112.2,3.2
16,0.917,1.73,111.0,114.52,0.18,2.25,109.93,108.6,3.7,1.0,0.9561,1.7,111.0,115.08,0.18,2.25,110.24,109.5,3.6,0.9935,1.68,112.0,116.08,0.18,2.25,110.82,110.0,3.6,0.9781,1.62,113.0,116.92,0.18,2.25,111.59,110.9,3.4,0.9806,1.63,114.0,117.41,0.18,2.25,112.66,112.2,3.2,0.9812,1.58,115.0,117.55,0.19,2.25,113.06,112.6,3.4
17,0.9561,1.7,111.0,115.08,0.18,2.25,110.24,109.5,3.6,1.0,0.9935,1.68,112.0,116.08,0.18,2.25,110.82,110.0,3.6,0.9781,1.62,113.0,116.92,0.18,2.25,111.59,110.9,3.4,0.9806,1.63,114.0,117.41,0.18,2.25,112.66,112.2,3.2,0.9812,1.58,115.0,117.55,0.19,2.25,113.06,112.6,3.4,1.0013,1.23,116.0,118.99,0.21,2.25,114.1,114.0,3.4
18,0.9935,1.68,112.0,116.08,0.18,2.25,110.82,110.0,3.6,1.0,0.9781,1.62,113.0,116.92,0.18,2.25,111.59,110.9,3.4,0.9806,1.63,114.0,117.41,0.18,2.25,112.66,112.2,3.2,0.9812,1.58,115.0,117.55,0.19,2.25,113.06,112.6,3.4,1.0013,1.23,116.0,118.99,0.21,2.25,114.1,114.0,3.4,1.0194,1.19,116.0,119.3,0.22,1.83,114.79,114.7,3.3
19,0.9781,1.62,113.0,116.92,0.18,2.25,111.59,110.9,3.4,1.0,0.9806,1.63,114.0,117.41,0.18,2.25,112.66,112.2,3.2,0.9812,1.58,115.0,117.55,0.19,2.25,113.06,112.6,3.4,1.0013,1.23,116.0,118.99,0.21,2.25,114.1,114.0,3.4,1.0194,1.19,116.0,119.3,0.22,1.83,114.79,114.7,3.3,1.0622,1.17,117.0,120.11,0.2,1.75,115.62,115.2,3.2
20,0.9806,1.63,114.0,117.41,0.18,2.25,112.66,112.2,3.2,1.0,0.9812,1.58,115.0,117.55,0.19,2.25,113.06,112.6,3.4,1.0013,1.23,116.0,118.99,0.21,2.25,114.1,114.0,3.4,1.0194,1.19,116.0,119.3,0.22,1.83,114.79,114.7,3.3,1.0622,1.17,117.0,120.11,0.2,1.75,115.62,115.2,3.2,1.0785,1.17,117.0,120.88,0.2,1.75,116.58,116.4,3.0
21,0.9812,1.58,115.0,117.55,0.19,2.25,113.06,112.6,3.4,1.0,1.0013,1.23,116.0,118.99,0.21,2.25,114.1,114.0,3.4,1.0194,1.19,116.0,119.3,0.22,1.83,114.79,114.7,3.3,1.0622,1.17,117.0,120.11,0.2,1.75,115.62,115.2,3.2,1.0785,1.17,117.0,120.88,0.2,1.75,116.58,116.4,3.0,1.0797,1.13,118.0,121.16,0.2,1.55,117.03,117.4,3.1
22,1.0013,1.23,116.0,118.99,0.21,2.25,114.1,114.0,3.4,1.0,1.0194,1.19,116.0,119.3,0.22,1.83,114.79,114.7,3.3,1.0622,1.17,117.0,120.11,0.2,1.75,115.62,115.2,3.2,1.0785,1.17,117.0,120.88,0.2,1.75,116.58,116.4,3.0,1.0797,1.13,118.0,121.16,0.2,1.55,117.03,117.4,3.1,1.0862,1.13,119.0,121.27,0.17,1.5,118.56,118.4,3.2
23,1.0194,1.19,116.0,119.3,0.22,1.83,114.79,114.7,3.3,1.0,1.0622,1.17,117.0,120.11,0.2,1.75,115.62,115.2,3.2,1.0785,1.17,117.0,120.88,0.2,1.75,116.58,116.4,3.0,1.0797,1.13,118.0,121.16,0.2,1.55,117.03,117.4,3.1,1.0862,1.13,119.0,121.27,0.17,1.5,118.56,118.4,3.2,1.1556,1.07,120.0,122.64,0.18,1.5,119.08,119.5,2.9
24,1.0622,1.17,117.0,120.11,0.2,1.75,115.62,115.2,3.2,1.0,1.0785,1.17,117.0,120.88,0.2,1.75,116.58,116.4,3.0,1.0797,1.13,118.0,121.16,0.2,1.55,117.03,117.4,3.1,1.0862,1.13,119.0,121.27,0.17,1.5,118.56,118.4,3.2,1.1556,1.07,120.0,122.64,0.18,1.5,119.08,119.5,2.9,1.1674,0.92,121.0,123.88,0.17,1.08,119.22,119.7,2.8
25,1.0785,1.17,117.0,120.88,0.2,1.75,116.58,116.4,3.0,1.0,1.0797,1.13,118.0,121.16,0.2,1.55,117.03,117.4,3.1,1.0862,1.13,119.0,121.27,0.17,1.5,118.56,118.4,3.2,1.1556,1.07,120.0,122.64,0.18,1.5,119.08,119.5,2.9,1.1674,0.92,121.0,123.88,0.17,1.08,119.22,119.7,2.8,1.1365,0.9,121.0,124.73,0.17,1.0,119.99,120.4,3.2
26,1.0797,1.13,118.0,121.16,0.2,1.55,117.03,117.4,3.1,1.0,1.0862,1.13,119.0,121.27,0.17,1.5,118.56,118.4,3.2,1.1556,1.07,120.0,122.64,0.18,1.5,119.08,119.5,2.9,1.1674,0.92,121.0,123.88,0.17,1.08,119.22,119.7,2.8,1.1365,0.9,121.0,124.73,0.17,1.0,119.99,120.4,3.2,1.1155,0.95,123.0,124.57,0.17,1.0,120.5,121.3,3.4
27,1.0862,1.13,119.0,121.27,0.17,1.5,118.56,118.4,3.2,1.0,1.1556,1.07,120.0,122.64,0.18,1.5,119.08,119.5,2.9,1.1674,0.92,121.0,123.88,0.17,1.08,119.22,119.7,2.8,1.1365,0.9,121.0,124.73,0.17,1.0,119.99,120.4,3.2,1.1155,0.95,123.0,124.57,0.17,1.0,120.5,121.3,3.4,1.1267,0.94,122.0,124.32,0.17,1.0,120.55,121.4,3.3
28,1.1556,1.07,120.0,122.64,0.18,1.5,119.08,119.5,2.9,1.0,1.1674,0.92,121.0,123.88,0.17,1.08,119.22,119.7,2.8,1.1365,0.9,121.0,124.73,0.17,1.0,119.99,120.4,3.2,1.1155,0.95,123.0,124.57,0.17,1.0,120.5,121.3,3.4,1.1267,0.94,122.0,124.32,0.17,1.0,120.55,121.4,3.3,1.1714,0.92,122.0,124.58,0.17,1.0,121.61,122.3,3.4
29,1.1674,0.92,121.0,123.88,0.17,1.08,119.22,119.7,2.8,1.0,1.1365,0.9,121.0,124.73,0.17,1.0,119.99,120.4,3.2,1.1155,0.95,123.0,124.57,0.17,1.0,120.5,121.3,3.4,1.1267,0.94,122.0,124.32,0.17,1.0,120.55,121.4,3.3,1.1714,0.92,122.0,124.58,0.17,1.0,121.61,122.3,3.4,1.171,0.93,122.0,124.7,0.17,1.0,122.09,123.2,3.5
30,1.1365,0.9,121.0,124.73,0.17,1.0,119.99,120.4,3.2,1.0,1.1155,0.95,123.0,124.57,0.17,1.0,120.5,121.3,3.4,1.1267,0.94,122.0,124.32,0.17,1.0,120.55,121.4,3.3,1.1714,0.92,122.0,124.58,0.17,1.0,121.61,122.3,3.4,1.171,0.93,122.0,124.7,0.17,1.0,122.09,123.2,3.5,1.2298,0.9,122.0,124.96,0.17,1.0,122.37,123.3,3.4
31,1.1155,0.95,123.0,124.57,0.17,1.0,120.5,121.3,3.4,1.0,1.1267,0.94,122.0,124.32,0.17,1.0,120.55,121.4,3.3,1.1714,0.92,122.0,124.58,0.17,1.0,121.61,122.3,3.4,1.171,0.93,122.0,124.7,0.17,1.0,122.09,123.2,3.5,1.2298,0.9,122.0,124.96,0.17,1.0,122.37,123.3,3.4,1.2638,0.88,122.0,125.68,0.21,1.0,122.7,124.0,3.3
32,1.1267,0.94,122.0,124.32,0.17,1.0,120.55,121.4,3.3,1.0,1.1714,0.92,122.0,124.58,0.17,1.0,121.61,122.3,3.4,1.171,0.93,122.0,124.7,0.17,1.0,122.09,123.2,3.5,1.2298,0.9,122.0,124.96,0.17,1.0,122.37,123.3,3.4,1.2638,0.88,122.0,125.68,0.21,1.0,122.7,124.0,3.3,1.264,0.93,123.0,126.27,0.21,1.0,123.43,124.9,3.3
33,1.1714,0.92,122.0,124.58,0.17,1.0,121.61,122.3,3.4,1.0,1.171,0.93,122.0,124.7,0.17,1.0,122.09,123.2,3.5,1.2298,0.9,122.0,124.96,0.17,1.0,122.37,123.3,3.4,1.2638,0.88,122.0,125.68,0.21,1.0,122.7,124.0,3.3,1.264,0.93,123.0,126.27,0.21,1.0,123.43,124.9,3.3,1.2261,0.94,124.0,127.56,0.21,1.0,124.04,125.5,3.2
34,1.171,0.93,122.0,124.7,0.17,1.0,122.09,123.2,3.5,1.0,1.2298,0.9,122.0,124.96,0.17,1.0,122.37,123.3,3.4,1.2638,0.88,122.0,125.68,0.21,1.0,122.7,124.0,3.3,1.264,0.93,123.0,126.27,0.21,1.0,123.43,124.9,3.3,1.2261,0.94,124.0,127.56,0.21,1.0,124.04,125.5,3.2,1.1989,0.94,124.0,128.5,0.16,1.0,124.61,125.9,3.3
35,1.2298,0.9,122.0,124.96,0.17,1.0,122.37,123.3,3.4,1.0,1.2638,0.88,122.0,125.68,0.21,1.0,122.7,124.0,3.3,1.264,0.93,123.0,126.27,0.21,1.0,123.43,124.9,3.3,1.2261,0.94,124.0,127.56,0.21,1.0,124.04,125.5,3.2,1.1989,0.94,124.0,128.5,0.16,1.0,124.61,125.9,3.3,1.2,1.02,126.0,129.1,0.16,1.0,124.69,126.4,3.4
36,1.2638,0.88,122.0,125.68,0.21,1.0,122.7,124.0,3.3,-1.0,1.264,0.93,123.0,126.27,0.21,1.0,123.43,124.9,3.3,1.2261,0.94,124.0,127.56,0.21,1.0,124.04,125.5,3.2,1.1989,0.94,124.0,128.5,0.16,1.0,124.61,125.9,3.3,1.2,1.02,126.0,129.1,0.16,1.0,124.69,126.4,3.4,1.2146,1.27,126.0,130.28,0.16,1.0,125.68,127.1,3.5
37,1.264,0.93,123.0,126.27,0.21,1.0,123.43,124.9,3.3,1.0,1.2261,0.94,124.0,127.56,0.21,1.0,124.04,125.5,3.2,1.1989,0.94,124.0,128.5,0.16,1.0,124.61,125.9,3.3,1.2,1.02,126.0,129.1,0.16,1.0,124.69,126.4,3.4,1.2146,1.27,126.0,130.28,0.16,1.0,125.68,127.1,3.5,1.2266,1.33,126.0,130.51,0.18,1.0,126.47,128.2,3.3
38,1.2261,0.94,124.0,127.56,0.21,1.0,124.04,125.5,3.2,1.0,1.1989,0.94,124.0,128.5,0.16,1.0,124.61,125.9,3.3,1.2,1.02,126.0,129.1,0.16,1.0,124.69,126.4,3.4,1.2146,1.27,126.0,130.28,0.16,1.0,125.68,127.1,3.5,1.2266,1.33,126.0,130.51,0.18,1.0,126.47,128.2,3.3,1.2191,1.48,127.0,131.08,0.19,1.0,126.88,128.6,3.2
39,1.1989,0.94,124.0,128.5,0.16,1.0,124.61,125.9,3.3,-1.0,1.2,1.02,126.0,129.1,0.16,1.0,124.69,126.4,3.4,1.2146,1.27,126.0,130.28,0.16,1.0,125.68,127.1,3.5,1.2266,1.33,126.0,130.51,0.18,1.0,126.47,128.2,3.3,1.2191,1.48,127.0,131.08,0.19,1.0,126.88,128.6,3.2,1.2224,1.65,128.0,132.05,0.19,1.0,127.72,129.5,3.2
40,1.2,1.02,126.0,129.1,0.16,1.0,124.69,126.4,3.4,-1.0,1.2146,1.27,126.0,130.28,0.16,1.0,125.68,127.1,3.5,1.2266,1.33,126.0,130.51,0.18,1.0,126.47,128.2,3.3,1.2191,1.48,127.0,131.08,0.19,1.0,126.88,128.6,3.2,1.2224,1.65,128.0,132.05,0.19,1.0,127.72,129.5,3.2,1.2507,1.76,128.0,132.31,0.27,1.0,128.59,130.6,3.1
41,1.2146,1.27,126.0,130.28,0.16,1.0,125.68,127.1,3.5,-1.0,1.2266,1.33,126.0,130.51,0.18,1.0,126.47,128.2,3.3,1.2191,1.48,127.0,131.08,0.19,1.0,126.88,128.6,3.2,1.2224,1.65,128.0,132.05,0.19,1.0,127.72,129.5,3.2,1.2507,1.76,128.0,132.31,0.27,1.0,128.59,130.6,3.1,1.2997,2.07,129.0,132.61,0.26,1.0,129.06,131.3,3.0
42,1.2266,1.33,126.0,130.51,0.18,1.0,126.47,128.2,3.3,-1.0,1.2191,1.48,127.0,131.08,0.19,1.0,126.88,128.6,3.2,1.2224,1.65,128.0,132.05,0.19,1.0,127.72,129.5,3.2,1.2507,1.76,128.0,132.31,0.27,1.0,128.59,130.6,3.1,1.2997,2.07,129.0,132.61,0.26,1.0,129.06,131.3,3.0,1.3406,2.19,129.0,133.75,0.25,1.0,130.17,131.8,2.9
43,1.2191,1.48,127.0,131.08,0.19,1.0,126.88,128.6,3.2,-1.0,1.2224,1.65,128.0,132.05,0.19,1.0,127.72,129.5,3.2,1.2507,1.76,128.0,132.31,0.27,1.0,128.59,130.6,3.1,1.2997,2.07,129.0,132.61,0.26,1.0,129.06,131.3,3.0,1.3406,2.19,129.0,133.75,0.25,1.0,130.17,131.8,2.9,1.3123,2.33,129.0,133.49,0.28,1.0,130.83,133.3,2.7
44,1.2224,1.65,128.0,132.05,0.19,1.0,127.72,129.5,3.2,-1.0,1.2507,1.76,128.0,132.31,0.27,1.0,128.59,130.6,3.1,1.2997,2.07,129.0,132.61,0.26,1.0,129.06,131.3,3.0,1.3406,2.19,129.0,133.75,0.25,1.0,130.17,131.8,2.9,1.3123,2.33,129.0,133.49,0.28,1.0,130.83,133.3,2.7,1.3013,2.54,129.0,133.84,0.27,1.0,131.52,134.1,2.7
45,1.2507,1.76,128.0,132.31,0.27,1.0,128.59,130.6,3.1,-1.0,1.2997,2.07,129.0,132.61,0.26,1.0,129.06,131.3,3.0,1.3406,2.19,129.0,133.75,0.25,1.0,130.17,131.8,2.9,1.3123,2.33,129.0,133.49,0.28,1.0,130.83,133.3,2.7,1.3013,2.54,129.0,133.84,0.27,1.0,131.52,134.1,2.7,1.3185,2.74,129.0,134.23,0.26,1.0,131.93,134.5,2.8
46,1.2997,2.07,129.0,132.61,0.26,1.0,129.06,131.3,3.0,1.0,1.3406,2.19,129.0,133.75,0.25,1.0,130.17,131.8,2.9,1.3123,2.33,129.0,133.49,0.28,1.0,130.83,133.3,2.7,1.3013,2.54,129.0,133.84,0.27,1.0,131.52,134.1,2.7,1.3185,2.74,129.0,134.23,0.26,1.0,131.93,134.5,2.8,1.2943,2.78,130.0,134.79,0.26,1.0,132.99,135.5,2.7
47,1.3406,2.19,129.0,133.75,0.25,1.0,130.17,131.8,2.9,1.0,1.3123,2.33,129.0,133.49,0.28,1.0,130.83,133.3,2.7,1.3013,2.54,129.0,133.84,0.27,1.0,131.52,134.1,2.7,1.3185,2.74,129.0,134.23,0.26,1.0,131.93,134.5,2.8,1.2943,2.78,130.0,134.79,0.26,1.0,132.99,135.5,2.7,1.2697,2.84,130.0,135.77,0.27,1.0,133.96,136.6,2.7
48,1.3123,2.33,129.0,133.49,0.28,1.0,130.83,133.3,2.7,1.0,1.3013,2.54,129.0,133.84,0.27,1.0,131.52,134.1,2.7,1.3185,2.74,129.0,134.23,0.26,1.0,131.93,134.5,2.8,1.2943,2.78,130.0,134.79,0.26,1.0,132.99,135.5,2.7,1.2697,2.84,130.0,135.77,0.27,1.0,133.96,136.6,2.7,1.2155,2.97,131.0,136.37,0.26,1.0,135.48,140.0,2.6
49,1.3013,2.54,129.0,133.84,0.27,1.0,131.52,134.1,2.7,1.0,1.3185,2.74,129.0,134.23,0.26,1.0,131.93,134.5,2.8,1.2943,2.78,130.0,134.79,0.26,1.0,132.99,135.5,2.7,1.2697,2.84,130.0,135.77,0.27,1.0,133.96,136.6,2.7,1.2155,2.97,131.0,136.37,0.26,1.0,135.48,140.0,2.6,1.2041,3.22,131.0,136.84,0.36,1.0,136.85,141.7,2.6
50,1.3185,2.74,129.0,134.23,0.26,1.0,131.93,134.5,2.8,1.0,1.2943,2.78,130.0,134.79,0.26,1.0,132.99,135.5,2.7,1.2697,2.84,130.0,135.77,0.27,1.0,133.96,136.6,2.7,1.2155,2.97,131.0,136.37,0.26,1.0,135.48,140.0,2.6,1.2041,3.22,131.0,136.84,0.36,1.0,136.85,141.7,2.6,1.2295,3.44,132.0,137.78,0.35,1.0,137.54,142.2,2.6
51,1.2943,2.78,130.0,134.79,0.26,1.0,132.99,135.5,2.7,1.0,1.2697,2.84,130.0,135.77,0.27,1.0,133.96,136.6,2.7,1.2155,2.97,131.0,136.37,0.26,1.0,135.48,140.0,2.6,1.2041,3.22,131.0,136.84,0.36,1.0,136.85,141.7,2.6,1.2295,3.44,132.0,137.78,0.35,1.0,137.54,142.2,2.6,1.2234,3.42,133.0,138.56,0.34,1.0,138.77,143.2,2.5
52,1.2697,2.84,130.0,135.77,0.27,1.0,133.96,136.6,2.7,1.0,1.2155,2.97,131.0,136.37,0.26,1.0,135.48,140.0,2.6,1.2041,3.22,131.0,136.84,0.36,1.0,136.85,141.7,2.6,1.2295,3.44,132.0,137.78,0.35,1.0,137.54,142.2,2.6,1.2234,3.42,133.0,138.56,0.34,1.0,138.77,143.2,2.5,1.2022,3.71,133.0,139.75,0.32,1.0,139.14,144.3,2.6
53,1.2155,2.97,131.0,136.37,0.26,1.0,135.48,140.0,2.6,1.0,1.2041,3.22,131.0,136.84,0.36,1.0,136.85,141.7,2.6,1.2295,3.44,132.0,137.78,0.35,1.0,137.54,142.2,2.6,1.2234,3.42,133.0,138.56,0.34,1.0,138.77,143.2,2.5,1.2022,3.71,133.0,139.75,0.32,1.0,139.14,144.3,2.6,1.1789,3.88,134.0,140.67,0.32,1.0,139.83,144.8,2.8
54,1.2041,3.22,131.0,136.84,0.36,1.0,136.85,141.7,2.6,1.0,1.2295,3.44,132.0,137.78,0.35,1.0,137.54,142.2,2.6,1.2234,3.42,133.0,138.56,0.34,1.0,138.77,143.2,2.5,1.2022,3.71,133.0,139.75,0.32,1.0,139.14,144.3,2.6,1.1789,3.88,134.0,140.67,0.32,1.0,139.83,144.8,2.8,1.1861,3.89,134.0,140.87,0.32,1.21,141.06,146.3,2.7
55,1.2295,3.44,132.0,137.78,0.35,1.0,137.54,142.2,2.6,1.0,1.2234,3.42,133.0,138.56,0.34,1.0,138.77,143.2,2.5,1.2022,3.71,133.0,139.75,0.32,1.0,139.14,144.3,2.6,1.1789,3.88,134.0,140.67,0.32,1.0,139.83,144.8,2.8,1.1861,3.89,134.0,140.87,0.32,1.21,141.06,146.3,2.7,1.2126,4.24,135.0,141.47,0.33,1.25,141.67,146.9,2.8
56,1.2234,3.42,133.0,138.56,0.34,1.0,138.77,143.2,2.5,1.0,1.2022,3.71,133.0,139.75,0.32,1.0,139.14,144.3,2.6,1.1789,3.88,134.0,140.67,0.32,1.0,139.83,144.8,2.8,1.1861,3.89,134.0,140.87,0.32,1.21,141.06,146.3,2.7,1.2126,4.24,135.0,141.47,0.33,1.25,141.67,146.9,2.8,1.194,4.43,136.0,141.85,0.34,1.25,142.73,148.1,2.9
57,1.2022,3.71,133.0,139.75,0.32,1.0,139.14,144.3,2.6,1.0,1.1789,3.88,134.0,140.67,0.32,1.0,139.83,144.8,2.8,1.1861,3.89,134.0,140.87,0.32,1.21,141.06,146.3,2.7,1.2126,4.24,135.0,141.47,0.33,1.25,141.67,146.9,2.8,1.194,4.43,136.0,141.85,0.34,1.25,142.73,148.1,2.9,1.2028,4.51,136.0,142.14,0.34,1.44,143.77,148.7,3.0
58,1.1789,3.88,134.0,140.67,0.32,1.0,139.83,144.8,2.8,1.0,1.1861,3.89,134.0,140.87,0.32,1.21,141.06,146.3,2.7,1.2126,4.24,135.0,141.47,0.33,1.25,141.67,146.9,2.8,1.194,4.43,136.0,141.85,0.34,1.25,142.73,148.1,2.9,1.2028,4.51,136.0,142.14,0.34,1.44,143.77,148.7,3.0,1.2273,4.6,137.0,142.57,0.35,1.5,145.41,150.7,3.2
59,1.1861,3.89,134.0,140.87,0.32,1.21,141.06,146.3,2.7,1.0,1.2126,4.24,135.0,141.47,0.33,1.25,141.67,146.9,2.8,1.194,4.43,136.0,141.85,0.34,1.25,142.73,148.1,2.9,1.2028,4.51,136.0,142.14,0.34,1.44,143.77,148.7,3.0,1.2273,4.6,137.0,142.57,0.35,1.5,145.41,150.7,3.2,1.2767,4.72,137.0,143.03,0.37,1.5,146.22,151.1,3.2
60,1.2126,4.24,135.0,141.47,0.33,1.25,141.67,146.9,2.8,1.0,1.194,4.43,136.0,141.85,0.34,1.25,142.73,148.1,2.9,1.2028,4.51,136.0,142.14,0.34,1.44,143.77,148.7,3.0,1.2273,4.6,137.0,142.57,0.35,1.5,145.41,150.7,3.2,1.2767,4.72,137.0,143.03,0.37,1.5,146.22,151.1,3.2,1.2661,4.79,138.0,143.65,0.37,1.63,147.0,151.9,3.2
61,1.194,4.43,136.0,141.85,0.34,1.25,142.73,148.1,2.9,1.0,1.2028,4.51,136.0,142.14,0.34,1.44,143.77,148.7,3.0,1.2273,4.6,137.0,142.57,0.35,1.5,145.41,150.7,3.2,1.2767,4.72,137.0,143.03,0.37,1.5,146.22,151.1,3.2,1.2661,4.79,138.0,143.65,0.37,1.63,147.0,151.9,3.2,1.2681,4.95,138.0,144.58,0.43,1.75,147.33,152.6,3.3
62,1.2028,4.51,136.0,142.14,0.34,1.44,143.77,148.7,3.0,1.0,1.2273,4.6,137.0,142.57,0.35,1.5,145.41,150.7,3.2,1.2767,4.72,137.0,143.03,0.37,1.5,146.22,151.1,3.2,1.2661,4.79,138.0,143.65,0.37,1.63,147.0,151.9,3.2,1.2681,4.95,138.0,144.58,0.43,1.75,147.33,152.6,3.3,1.281,4.96,139.0,145.25,0.43,1.94,148.79,153.6,3.1
63,1.2273,4.6,137.0,142.57,0.35,1.5,145.41,150.7,3.2,1.0,1.2767,4.72,137.0,143.03,0.37,1.5,146.22,151.1,3.2,1.2661,4.79,138.0,143.65,0.37,1.63,147.0,151.9,3.2,1.2681,4.95,138.0,144.58,0.43,1.75,147.33,152.6,3.3,1.281,4.96,139.0,145.25,0.43,1.94,148.79,153.6,3.1,1.2722,4.81,140.0,145.7,0.43,2.0,150.76,155.2,3.0
64,1.2767,4.72,137.0,143.03,0.37,1.5,146.22,151.1,3.2,1.0,1.2661,4.79,138.0,143.65,0.37,1.63,147.0,151.9,3.2,1.2681,4.95,138.0,144.58,0.43,1.75,147.33,152.6,3.3,1.281,4.96,139.0,145.25,0.43,1.94,148.79,153.6,3.1,1.2722,4.81,140.0,145.7,0.43,2.0,150.76,155.2,3.0,1.2617,4.92,141.0,146.59,0.38,2.17,151.16,155.3,3.0
65,1.2661,4.79,138.0,143.65,0.37,1.63,147.0,151.9,3.2,1.0,1.2681,4.95,138.0,144.58,0.43,1.75,147.33,152.6,3.3,1.281,4.96,139.0,145.25,0.43,1.94,148.79,153.6,3.1,1.2722,4.81,140.0,145.7,0.43,2.0,150.76,155.2,3.0,1.2617,4.92,141.0,146.59,0.38,2.17,151.16,155.3,3.0,1.2888,4.94,141.0,147.92,0.38,2.25,152.2,156.5,3.0
66,1.2681,4.95,138.0,144.58,0.43,1.75,147.33,152.6,3.3,1.0,1.281,4.96,139.0,145.25,0.43,1.94,148.79,153.6,3.1,1.2722,4.81,140.0,145.7,0.43,2.0,150.76,155.2,3.0,1.2617,4.92,141.0,146.59,0.38,2.17,151.16,155.3,3.0,1.2888,4.94,141.0,147.92,0.38,2.25,152.2,156.5,3.0,1.3205,4.85,142.0,148.54,0.38,2.4,154.37,159.0,3.0
67,1.281,4.96,139.0,145.25,0.43,1.94,148.79,153.6,3.1,1.0,1.2722,4.81,140.0,145.7,0.43,2.0,150.76,155.2,3.0,1.2617,4.92,141.0,146.59,0.38,2.17,151.16,155.3,3.0,1.2888,4.94,141.0,147.92,0.38,2.25,152.2,156.5,3.0,1.3205,4.85,142.0,148.54,0.38,2.4,154.37,159.0,3.0,1.2993,4.98,143.0,148.97,0.38,2.5,155.98,159.0,3.1
68,1.2722,4.81,140.0,145.7,0.43,2.0,150.76,155.2,3.0,1.0,1.2617,4.92,141.0,146.59,0.38,2.17,151.16,155.3,3.0,1.2888,4.94,141.0,147.92,0.38,2.25,152.2,156.5,3.0,1.3205,4.85,142.0,148.54,0.38,2.4,154.37,159.0,3.0,1.2993,4.98,143.0,148.97,0.38,2.5,155.98,159.0,3.1,1.308,5.03,143.0,149.44,0.38,2.5,157.07,160.0,3.1
69,1.2617,4.92,141.0,146.59,0.38,2.17,151.16,155.3,3.0,1.0,1.2888,4.94,141.0,147.92,0.38,2.25,152.2,156.5,3.0,1.3205,4.85,142.0,148.54,0.38,2.4,154.37,159.0,3.0,1.2993,4.98,143.0,148.97,0.38,2.5,155.98,159.0,3.1,1.308,5.03,143.0,149.44,0.38,2.5,157.07,160.0,3.1,1.3246,4.94,144.0,150.06,0.38,2.65,159.44,162.1,3.0
70,1.2888,4.94,141.0,147.92,0.38,2.25,152.2,156.5,3.0,1.0,1.3205,4.85,142.0,148.54,0.38,2.4,154.37,159.0,3.0,1.2993,4.98,143.0,148.97,0.38,2.5,155.98,159.0,3.1,1.308,5.03,143.0,149.44,0.38,2.5,157.07,160.0,3.1,1.3246,4.94,144.0,150.06,0.38,2.65,159.44,162.1,3.0,1.3513,4.87,145.0,151.71,0.38,2.75,159.96,162.5,3.1
71,1.3205,4.85,142.0,148.54,0.38,2.4,154.37,159.0,3.0,1.0,1.2993,4.98,143.0,148.97,0.38,2.5,155.98,159.0,3.1,1.308,5.03,143.0,149.44,0.38,2.5,157.07,160.0,3.1,1.3246,4.94,144.0,150.06,0.38,2.65,159.44,162.1,3.0,1.3513,4.87,145.0,151.71,0.38,2.75,159.96,162.5,3.1,1.3518,4.73,146.0,151.92,0.38,2.75,161.81,163.6,3.2
72,1.2993,4.98,143.0,148.97,0.38,2.5,155.98,159.0,3.1,1.0,1.308,5.03,143.0,149.44,0.38,2.5,157.07,160.0,3.1,1.3246,4.94,144.0,150.06,0.38,2.65,159.44,162.1,3.0,1.3513,4.87,145.0,151.71,0.38,2.75,159.96,162.5,3.1,1.3518,4.73,146.0,151.92,0.38,2.75,161.81,163.6,3.2,1.3421,4.61,146.0,152.62,0.38,2.9,163.3,165.0,3.3
73,1.308,5.03,143.0,149.44,0.38,2.5,157.07,160.0,3.1,1.0,1.3246,4.94,144.0,150.06,0.38,2.65,159.44,162.1,3.0,1.3513,4.87,145.0,151.71,0.38,2.75,159.96,162.5,3.1,1.3518,4.73,146.0,151.92,0.38,2.75,161.81,163.6,3.2,1.3421,4.61,146.0,152.62,0.38,2.9,163.3,165.0,3.3,1.3726,4.82,147.0,153.53,0.41,3.0,164.98,166.4,3.4
74,1.3246,4.94,144.0,150.06,0.38,2.65,159.44,162.1,3.0,1.0,1.3513,4.87,145.0,151.71,0.38,2.75,159.96,162.5,3.1,1.3518,4.73,146.0,151.92,0.38,2.75,161.81,163.6,3.2,1.3421,4.61,146.0,152.62,0.38,2.9,163.3,165.0,3.3,1.3726,4.82,147.0,153.53,0.41,3.0,164.98,166.4,3.4,1.3626,4.2,148.402267,155.3284503,0.419788786,3.0,166.03,166.6,3.4
75,1.3513,4.87,145.0,151.71,0.38,2.75,159.96,162.5,3.1,-1.0,1.3518,4.73,146.0,151.92,0.38,2.75,161.81,163.6,3.2,1.3421,4.61,146.0,152.62,0.38,2.9,163.3,165.0,3.3,1.3726,4.82,147.0,153.53,0.41,3.0,164.98,166.4,3.4,1.3626,4.2,148.402267,155.3284503,0.419788786,3.0,166.03,166.6,3.4,1.391,3.89,148.770047,156.8283759,0.415709008,3.0,167.55,167.8,3.4
76,1.3518,4.73,146.0,151.92,0.38,2.75,161.81,163.6,3.2,-1.0,1.3421,4.61,146.0,152.62,0.38,2.9,163.3,165.0,3.3,1.3726,4.82,147.0,153.53,0.41,3.0,164.98,166.4,3.4,1.3626,4.2,148.402267,155.3284503,0.419788786,3.0,166.03,166.6,3.4,1.391,3.89,148.770047,156.8283759,0.415709008,3.0,167.55,167.8,3.4,1.4233,3.9,149.0433699,158.1569209,0.317343086,3.0,169.96,168.6,3.4
77,1.3421,4.61,146.0,152.62,0.38,2.9,163.3,165.0,3.3,-1.0,1.3726,4.82,147.0,153.53,0.41,3.0,164.98,166.4,3.4,1.3626,4.2,148.402267,155.3284503,0.419788786,3.0,166.03,166.6,3.4,1.391,3.89,148.770047,156.8283759,0.415709008,3.0,167.55,167.8,3.4,1.4233,3.9,149.0433699,158.1569209,0.317343086,3.0,169.96,168.6,3.4,1.4683,3.27,149.543792,159.5713442,0.341640718,3.0,171.67,170.0,3.4
78,1.3726,4.82,147.0,153.53,0.41,3.0,164.98,166.4,3.4,-1.0,1.3626,4.2,148.402267,155.3284503,0.419788786,3.0,166.03,166.6,3.4,1.391,3.89,148.770047,156.8283759,0.415709008,3.0,167.55,167.8,3.4,1.4233,3.9,149.0433699,158.1569209,0.317343086,3.0,169.96,168.6,3.4,1.4683,3.27,149.543792,159.5713442,0.341640718,3.0,171.67,170.0,3.4,1.4559,3.0,150.1487198,159.7593658,0.349228073,3.0,172.15,170.3,3.6
79,1.3626,4.2,148.402267,155.3284503,0.419788786,3.0,166.03,166.6,3.4,-1.0,1.391,3.89,148.770047,156.8283759,0.415709008,3.0,167.55,167.8,3.4,1.4233,3.9,149.0433699,158.1569209,0.317343086,3.0,169.96,168.6,3.4,1.4683,3.27,149.543792,159.5713442,0.341640718,3.0,171.67,170.0,3.4,1.4559,3.0,150.1487198,159.7593658,0.349228073,3.0,172.15,170.3,3.6,1.4728,2.75,150.8259978,160.4760076,0.257995577,3.0,175.05,171.3,3.4
80,1.391,3.89,148.770047,156.8283759,0.415709008,3.0,167.55,167.8,3.4,-1.0,1.4233,3.9,149.0433699,158.1569209,0.317343086,3.0,169.96,168.6,3.4,1.4683,3.27,149.543792,159.5713442,0.341640718,3.0,171.67,170.0,3.4,1.4559,3.0,150.1487198,159.7593658,0.349228073,3.0,172.15,170.3,3.6,1.4728,2.75,150.8259978,160.4760076,0.257995577,3.0,175.05,171.3,3.4,1.4759,2.12,152.5282367,162.2323372,0.245900716,3.0,176.06,171.8,3.4
81,1.4233,3.9,149.0433699,158.1569209,0.317343086,3.0,169.96,168.6,3.4,-1.0,1.4683,3.27,149.543792,159.5713442,0.341640718,3.0,171.67,170.0,3.4,1.4559,3.0,150.1487198,159.7593658,0.349228073,3.0,172.15,170.3,3.6,1.4728,2.75,150.8259978,160.4760076,0.257995577,3.0,175.05,171.3,3.4,1.4759,2.12,152.5282367,162.2323372,0.245900716,3.0,176.06,171.8,3.4,1.552,1.26,153.8506371,164.982696,0.287896132,3.0,176.54,172.8,3.6
82,1.4683,3.27,149.543792,159.5713442,0.341640718,3.0,171.67,170.0,3.4,-1.0,1.4559,3.0,150.1487198,159.7593658,0.349228073,3.0,172.15,170.3,3.6,1.4728,2.75,150.8259978,160.4760076,0.257995577,3.0,175.05,171.3,3.4,1.4759,2.12,152.5282367,162.2323372,0.245900716,3.0,176.06,171.8,3.4,1.552,1.26,153.8506371,164.982696,0.287896132,3.0,176.54,172.8,3.6,1.5754,1.29,154.71281,164.985631,0.224224219,3.0,178.04,173.1,3.8
83,1.4559,3.0,150.1487198,159.7593658,0.349228073,3.0,172.15,170.3,3.6,-1.0,1.4728,2.75,150.8259978,160.4760076,0.257995577,3.0,175.05,171.3,3.4,1.4759,2.12,152.5282367,162.2323372,0.245900716,3.0,176.06,171.8,3.4,1.552,1.26,153.8506371,164.982696,0.287896132,3.0,176.54,172.8,3.6,1.5754,1.29,154.71281,164.985631,0.224224219,3.0,178.04,173.1,3.8,1.5554,1.73,154.955987,165.0290683,0.231729048,3.0,179.45,174.4,3.8
84,1.4728,2.75,150.8259978,160.4760076,0.257995577,3.0,175.05,171.3,3.4,-1.0,1.4759,2.12,152.5282367,162.2323372,0.245900716,3.0,176.06,171.8,3.4,1.552,1.26,153.8506371,164.982696,0.287896132,3.0,176.54,172.8,3.6,1.5754,1.29,154.71281,164.985631,0.224224219,3.0,178.04,173.1,3.8,1.5554,1.73,154.955987,165.0290683,0.231729048,3.0,179.45,174.4,3.8,1.5562,1.86,155.3076892,165.1894269,0.225583295,3.0,179.9,174.9,4.1
85,1.4759,2.12,152.5282367,162.2323372,0.245900716,3.0,176.06,171.8,3.4,-1.0,1.552,1.26,153.8506371,164.982696,0.287896132,3.0,176.54,172.8,3.6,1.5754,1.29,154.71281,164.985631,0.224224219,3.0,178.04,173.1,3.8,1.5554,1.73,154.955987,165.0290683,0.231729048,3.0,179.45,174.4,3.8,1.5562,1.86,155.3076892,165.1894269,0.225583295,3.0,179.9,174.9,4.1,1.5759,1.63,156.2402026,165.8168891,0.228817301,3.19,181.26,174.9,4.2
86,1.552,1.26,153.8506371,164.982696,0.287896132,3.0,176.54,172.8,3.6,1.0,1.5754,1.29,154.71281,164.985631,0.224224219,3.0,178.04,173.1,3.8,1.5554,1.73,154.955987,165.0290683,0.231729048,3.0,179.45,174.4,3.8,1.5562,1.86,155.3076892,165.1894269,0.225583295,3.0,179.9,174.9,4.1,1.5759,1.63,156.2402026,165.8168891,0.228817301,3.19,181.26,174.9,4.2,1.4955,1.72,156.5416616,165.776957,0.228481428,3.25,181.96,175.6,4.0
87,1.5754,1.29,154.71281,164.985631,0.224224219,3.0,178.04,173.1,3.8,1.0,1.5554,1.73,154.955987,165.0290683,0.231729048,3.0,179.45,174.4,3.8,1.5562,1.86,155.3076892,165.1894269,0.225583295,3.0,179.9,174.9,4.1,1.5759,1.63,156.2402026,165.8168891,0.228817301,3.19,181.26,174.9,4.2,1.4955,1.72,156.5416616,165.776957,0.228481428,3.25,181.96,175.6,4.0,1.4342,1.13,157.9464609,167.0636871,0.308641904,3.25,183.54,177.1,4.4
88,1.5554,1.73,154.955987,165.0290683,0.231729048,3.0,179.45,174.4,3.8,1.0,1.5562,1.86,155.3076892,165.1894269,0.225583295,3.0,179.9,174.9,4.1,1.5759,1.63,156.2402026,165.8168891,0.228817301,3.19,181.26,174.9,4.2,1.4955,1.72,156.5416616,165.776957,0.228481428,3.25,181.96,175.6,4.0,1.4342,1.13,157.9464609,167.0636871,0.308641904,3.25,183.54,177.1,4.4,1.3266,0.67,160.1189758,166.3844696,0.50141893,3.23,186.48,179.9,5.0
89,1.5562,1.86,155.3076892,165.1894269,0.225583295,3.0,179.9,174.9,4.1,1.0,1.5759,1.63,156.2402026,165.8168891,0.228817301,3.19,181.26,174.9,4.2,1.4955,1.72,156.5416616,165.776957,0.228481428,3.25,181.96,175.6,4.0,1.4342,1.13,157.9464609,167.0636871,0.308641904,3.25,183.54,177.1,4.4,1.3266,0.67,160.1189758,166.3844696,0.50141893,3.23,186.48,179.9,5.0,1.2744,0.19,161.1379075,165.2091756,0.267502508,2.93,186.79,180.7,4.8
90,1.5759,1.63,156.2402026,165.8168891,0.228817301,3.19,181.26,174.9,4.2,1.0,1.4955,1.72,156.5416616,165.776957,0.228481428,3.25,181.96,175.6,4.0,1.4342,1.13,157.9464609,167.0636871,0.308641904,3.25,183.54,177.1,4.4,1.3266,0.67,160.1189758,166.3844696,0.50141893,3.23,186.48,179.9,5.0,1.2744,0.19,161.1379075,165.2091756,0.267502508,2.93,186.79,180.7,4.8,1.3511,0.03,164.6790466,164.023322,0.27502656,2.22,187.12,181.1,4.8
91,1.4955,1.72,156.5416616,165.776957,0.228481428,3.25,181.96,175.6,4.0,1.0,1.4342,1.13,157.9464609,167.0636871,0.308641904,3.25,183.54,177.1,4.4,1.3266,0.67,160.1189758,166.3844696,0.50141893,3.23,186.48,179.9,5.0,1.2744,0.19,161.1379075,165.2091756,0.267502508,2.93,186.79,180.7,4.8,1.3511,0.03,164.6790466,164.023322,0.27502656,2.22,187.12,181.1,4.8,1.3244,0.13,166.310945,166.8546389,0.217302083,1.65,187.22,182.6,4.8
92,1.4342,1.13,157.9464609,167.0636871,0.308641904,3.25,183.54,177.1,4.4,1.0,1.3266,0.67,160.1189758,166.3844696,0.50141893,3.23,186.48,179.9,5.0,1.2744,0.19,161.1379075,165.2091756,0.267502508,2.93,186.79,180.7,4.8,1.3511,0.03,164.6790466,164.023322,0.27502656,2.22,187.12,181.1,4.8,1.3244,0.13,166.310945,166.8546389,0.217302083,1.65,187.22,182.6,4.8,1.2797,0.3,166.8977853,166.5193865,0.219665843,1.0,187.91,183.8,5.2
93,1.3266,0.67,160.1189758,166.3844696,0.50141893,3.23,186.48,179.9,5.0,1.0,1.2744,0.19,161.1379075,165.2091756,0.267502508,2.93,186.79,180.7,4.8,1.3511,0.03,164.6790466,164.023322,0.27502656,2.22,187.12,181.1,4.8,1.3244,0.13,166.310945,166.8546389,0.217302083,1.65,187.22,182.6,4.8,1.2797,0.3,166.8977853,166.5193865,0.219665843,1.0,187.91,183.8,5.2,1.305,0.21,168.2221954,166.0705793,0.226306495,0.66,187.2,183.6,6.1
94,1.2744,0.19,161.1379075,165.2091756,0.267502508,2.93,186.79,180.7,4.8,-1.0,1.3511,0.03,164.6790466,164.023322,0.27502656,2.22,187.12,181.1,4.8,1.3244,0.13,166.310945,166.8546389,0.217302083,1.65,187.22,182.6,4.8,1.2797,0.3,166.8977853,166.5193865,0.219665843,1.0,187.91,183.8,5.2,1.305,0.21,168.2221954,166.0705793,0.226306495,0.66,187.2,183.6,6.1,1.3199,0.16,168.2885164,164.6819656,0.20754533,0.31,188.14,184.7,5.6
95,1.3511,0.03,164.6790466,164.023322,0.27502656,2.22,187.12,181.1,4.8,-1.0,1.3244,0.13,166.310945,166.8546389,0.217302083,1.65,187.22,182.6,4.8,1.2797,0.3,166.8977853,166.5193865,0.219665843,1.0,187.91,183.8,5.2,1.305,0.21,168.2221954,166.0705793,0.226306495,0.66,187.2,183.6,6.1,1.3199,0.16,168.2885164,164.6819656,0.20754533,0.31,188.14,184.7,5.6,1.3646,0.18,169.4481289,166.1426455,0.152188848,0.25,187.5,184.5,5.0
96,1.3244,0.13,166.310945,166.8546389,0.217302083,1.65,187.22,182.6,4.8,-1.0,1.2797,0.3,166.8977853,166.5193865,0.219665843,1.0,187.91,183.8,5.2,1.305,0.21,168.2221954,166.0705793,0.226306495,0.66,187.2,183.6,6.1,1.3199,0.16,168.2885164,164.6819656,0.20754533,0.31,188.14,184.7,5.6,1.3646,0.18,169.4481289,166.1426455,0.152188848,0.25,187.5,184.5,5.0,1.4014,0.18,169.639053,166.3883958,0.154555396,0.25,187.52,185.3,5.0
97,1.2797,0.3,166.8977853,166.5193865,0.219665843,1.0,187.91,183.8,5.2,-1.0,1.305,0.21,168.2221954,166.0705793,0.226306495,0.66,187.2,183.6,6.1,1.3199,0.16,168.2885164,164.6819656,0.20754533,0.31,188.14,184.7,5.6,1.3646,0.18,169.4481289,166.1426455,0.152188848,0.25,187.5,184.5,5.0,1.4014,0.18,169.639053,166.3883958,0.154555396,0.25,187.52,185.3,5.0,1.4092,0.18,169.7375296,165.7955931,0.140751801,0.25,187.7,185.7,4.8
98,1.305,0.21,168.2221954,166.0705793,0.226306495,0.66,187.2,183.6,6.1,-1.0,1.3199,0.16,168.2885164,164.6819656,0.20754533,0.31,188.14,184.7,5.6,1.3646,0.18,169.4481289,166.1426455,0.152188848,0.25,187.5,184.5,5.0,1.4014,0.18,169.639053,166.3883958,0.154555396,0.25,187.52,185.3,5.0,1.4092,0.18,169.7375296,165.7955931,0.140751801,0.25,187.7,185.7,4.8,1.4266,0.17,169.7294907,164.8261493,0.143903533,0.25,186.8,185.9,4.4
99,1.3199,0.16,168.2885164,164.6819656,0.20754533,0.31,188.14,184.7,5.6,-1.0,1.3646,0.18,169.4481289,166.1426455,0.152188848,0.25,187.5,184.5,5.0,1.4014,0.18,169.639053,166.3883958,0.154555396,0.25,187.52,185.3,5.0,1.4092,0.18,169.7375296,165.7955931,0.140751801,0.25,187.7,185.7,4.8,1.4266,0.17,169.7294907,164.8261493,0.143903533,0.25,186.8,185.9,4.4,1.4575,0.12,169.7134129,162.81398,0.147708661,0.25,187.29,186.3,4.4
100,1.3646,0.18,169.4481289,166.1426455,0.152188848,0.25,187.5,184.5,5.0,-1.0,1.4014,0.18,169.639053,166.3883958,0.154555396,0.25,187.52,185.3,5.0,1.4092,0.18,169.7375296,165.7955931,0.140751801,0.25,187.7,185.7,4.8,1.4266,0.17,169.7294907,164.8261493,0.143903533,0.25,186.8,185.9,4.4,1.4575,0.12,169.7134129,162.81398,0.147708661,0.25,187.29,186.3,4.4,1.4821,0.07,170.2540295,161.8604439,0.215991238,0.25,186.79,186.6,4.2
101,1.4014,0.18,169.639053,166.3883958,0.154555396,0.25,187.52,185.3,5.0,-1.0,1.4092,0.18,169.7375296,165.7955931,0.140751801,0.25,187.7,185.7,4.8,1.4266,0.17,169.7294907,164.8261493,0.143903533,0.25,186.8,185.9,4.4,1.4575,0.12,169.7134129,162.81398,0.147708661,0.25,187.29,186.3,4.4,1.4821,0.07,170.2540295,161.8604439,0.215991238,0.25,186.79,186.6,4.2,1.4908,0.05,170.8589574,160.590405,0.21741214,0.25,186.21,186.4,4.0
102,1.4092,0.18,169.7375296,165.7955931,0.140751801,0.25,187.7,185.7,4.8,-1.0,1.4266,0.17,169.7294907,164.8261493,0.143903533,0.25,186.8,185.9,4.4,1.4575,0.12,169.7134129,162.81398,0.147708661,0.25,187.29,186.3,4.4,1.4821,0.07,170.2540295,161.8604439,0.215991238,0.25,186.79,186.6,4.2,1.4908,0.05,170.8589574,160.590405,0.21741214,0.25,186.21,186.4,4.0,1.4579,0.05,170.7544515,160.0863761,0.221535662,0.25,186.02,186.1,3.9
103,1.4266,0.17,169.7294907,164.8261493,0.143903533,0.25,186.8,185.9,4.4,-1.0,1.4575,0.12,169.7134129,162.81398,0.147708661,0.25,187.29,186.3,4.4,1.4821,0.07,170.2540295,161.8604439,0.215991238,0.25,186.79,186.6,4.2,1.4908,0.05,170.8589574,160.590405,0.21741214,0.25,186.21,186.4,4.0,1.4579,0.05,170.7544515,160.0863761,0.221535662,0.25,186.02,186.1,3.9,1.4266,0.06,169.992765,159.7598287,0.277719928,0.25,185.73,186.3,3.9
104,1.4575,0.12,169.7134129,162.81398,0.147708661,0.25,187.29,186.3,4.4,1.0,1.4821,0.07,170.2540295,161.8604439,0.215991238,0.25,186.79,186.6,4.2,1.4908,0.05,170.8589574,160.590405,0.21741214,0.25,186.21,186.4,4.0,1.4579,0.05,170.7544515,160.0863761,0.221535662,0.25,186.02,186.1,3.9,1.4266,0.06,169.992765,159.7598287,0.277719928,0.25,185.73,186.3,3.9,1.368,0.11,170.9915993,159.4410706,0.278288574,0.25,185.7,186.4,3.8
105,1.4821,0.07,170.2540295,161.8604439,0.215991238,0.25,186.79,186.6,4.2,1.0,1.4908,0.05,170.8589574,160.590405,0.21741214,0.25,186.21,186.4,4.0,1.4579,0.05,170.7544515,160.0863761,0.221535662,0.25,186.02,186.1,3.9,1.4266,0.06,169.992765,159.7598287,0.277719928,0.25,185.73,186.3,3.9,1.368,0.11,170.9915993,159.4410706,0.278288574,0.25,185.7,186.4,3.8,1.357,0.15,170.9313075,157.3321922,0.27878328,0.25,185.72,185.9,3.8
106,1.4908,0.05,170.8589574,160.590405,0.21741214,0.25,186.21,186.4,4.0,1.0,1.4579,0.05,170.7544515,160.0863761,0.221535662,0.25,186.02,186.1,3.9,1.4266,0.06,169.992765,159.7598287,0.277719928,0.25,185.73,186.3,3.9,1.368,0.11,170.9915993,159.4410706,0.278288574,0.25,185.7,186.4,3.8,1.357,0.15,170.9313075,157.3321922,0.27878328,0.25,185.72,185.9,3.8,1.3417,0.16,171.546284,157.6190226,0.238635382,0.25,186.6,187.2,3.7
107,1.4579,0.05,170.7544515,160.0863761,0.221535662,0.25,186.02,186.1,3.9,1.0,1.4266,0.06,169.992765,159.7598287,0.277719928,0.25,185.73,186.3,3.9,1.368,0.11,170.9915993,159.4410706,0.278288574,0.25,185.7,186.4,3.8,1.357,0.15,170.9313075,157.3321922,0.27878328,0.25,185.72,185.9,3.8,1.3417,0.16,171.546284,157.6190226,0.238635382,0.25,186.6,187.2,3.7,1.2563,0.16,172.6496242,158.2608715,0.238417986,0.25,186.85,188.1,3.8
108,1.4266,0.06,169.992765,159.7598287,0.277719928,0.25,185.73,186.3,3.9,1.0,1.368,0.11,170.9915993,159.4410706,0.278288574,0.25,185.7,186.4,3.8,1.357,0.15,170.9313075,157.3321922,0.27878328,0.25,185.72,185.9,3.8,1.3417,0.16,171.546284,157.6190226,0.238635382,0.25,186.6,187.2,3.7,1.2563,0.16,172.6496242,158.2608715,0.238417986,0.25,186.85,188.1,3.8,1.2223,0.12,173.0314723,156.3533692,0.23962576,0.25,183.79,185.6,3.7
109,1.368,0.11,170.9915993,159.4410706,0.278288574,0.25,185.7,186.4,3.8,1.0,1.357,0.15,170.9313075,157.3321922,0.27878328,0.25,185.72,185.9,3.8,1.3417,0.16,171.546284,157.6190226,0.238635382,0.25,186.6,187.2,3.7,1.2563,0.16,172.6496242,158.2608715,0.238417986,0.25,186.85,188.1,3.8,1.2223,0.12,173.0314723,156.3533692,0.23962576,0.25,183.79,185.6,3.7,1.2811,0.16,173.2264159,158.5832226,0.291845227,0.25,183.74,185.8,3.7
110,1.357,0.15,170.9313075,157.3321922,0.27878328,0.25,185.72,185.9,3.8,1.0,1.3417,0.16,171.546284,157.6190226,0.238635382,0.25,186.6,187.2,3.7,1.2563,0.16,172.6496242,158.2608715,0.238417986,0.25,186.85,188.1,3.8,1.2223,0.12,173.0314723,156.3533692,0.23962576,0.25,183.79,185.6,3.7,1.2811,0.16,173.2264159,158.5832226,0.291845227,0.25,183.74,185.8,3.7,1.2903,0.16,174.2373086,160.0410769,0.292579176,0.25,184.39,186.1,3.3
111,1.3417,0.16,171.546284,157.6190226,0.238635382,0.25,186.6,187.2,3.7,-1.0,1.2563,0.16,172.6496242,158.2608715,0.238417986,0.25,186.85,188.1,3.8,1.2223,0.12,173.0314723,156.3533692,0.23962576,0.25,183.79,185.6,3.7,1.2811,0.16,173.2264159,158.5832226,0.291845227,0.25,183.74,185.8,3.7,1.2903,0.16,174.2373086,160.0410769,0.292579176,0.25,184.39,186.1,3.3,1.3103,0.15,174.860324,159.7227874,0.293681562,0.25,184.49,186.0,3.3
112,1.2563,0.16,172.6496242,158.2608715,0.238417986,0.25,186.85,188.1,3.8,-1.0,1.2223,0.12,173.0314723,156.3533692,0.23962576,0.25,183.79,185.6,3.7,1.2811,0.16,173.2264159,158.5832226,0.291845227,0.25,183.74,185.8,3.7,1.2903,0.16,174.2373086,160.0410769,0.292579176,0.25,184.39,186.1,3.3,1.3103,0.15,174.860324,159.7227874,0.293681562,0.25,184.49,186.0,3.3,1.3901,0.13,175.8471,161.8123093,0.248735632,0.25,184.55,186.1,3.3
113,1.2223,0.12,173.0314723,156.3533692,0.23962576,0.25,183.79,185.6,3.7,-1.0,1.2811,0.16,173.2264159,158.5832226,0.291845227,0.25,183.74,185.8,3.7,1.2903,0.16,174.2373086,160.0410769,0.292579176,0.25,184.39,186.1,3.3,1.3103,0.15,174.860324,159.7227874,0.293681562,0.25,184.49,186.0,3.3,1.3901,0.13,175.8471,161.8123093,0.248735632,0.25,184.55,186.1,3.3,1.3654,0.14,176.2631135,161.5344146,0.24939749,0.25,184.92,186.3,3.5
114,1.2811,0.16,173.2264159,158.5832226,0.291845227,0.25,183.74,185.8,3.7,-1.0,1.2903,0.16,174.2373086,160.0410769,0.292579176,0.25,184.39,186.1,3.3,1.3103,0.15,174.860324,159.7227874,0.293681562,0.25,184.49,186.0,3.3,1.3901,0.13,175.8471,161.8123093,0.248735632,0.25,184.55,186.1,3.3,1.3654,0.14,176.2631135,161.5344146,0.24939749,0.25,184.92,186.3,3.5,1.3221,0.14,176.900197,160.4492377,0.250732869,0.25,184.98,186.3,4.0
115,1.2903,0.16,174.2373086,160.0410769,0.292579176,0.25,184.39,186.1,3.3,-1.0,1.3103,0.15,174.860324,159.7227874,0.293681562,0.25,184.49,186.0,3.3,1.3901,0.13,175.8471,161.8123093,0.248735632,0.25,184.55,186.1,3.3,1.3654,0.14,176.2631135,161.5344146,0.24939749,0.25,184.92,186.3,3.5,1.3221,0.14,176.900197,160.4492377,0.250732869,0.25,184.98,186.3,4.0,1.3371,0.15,177.3222396,159.7904566,0.190352301,0.25,185.57,186.7,4.0
116,1.3103,0.15,174.860324,159.7227874,0.293681562,0.25,184.49,186.0,3.3,-1.0,1.3901,0.13,175.8471,161.8123093,0.248735632,0.25,184.55,186.1,3.3,1.3654,0.14,176.2631135,161.5344146,0.24939749,0.25,184.92,186.3,3.5,1.3221,0.14,176.900197,160.4492377,0.250732869,0.25,184.98,186.3,4.0,1.3371,0.15,177.3222396,159.7904566,0.190352301,0.25,185.57,186.7,4.0,1.3656,0.13,178.6044455,160.753056,0.190518175,0.25,185.74,186.9,3.9
117,1.3901,0.13,175.8471,161.8123093,0.248735632,0.25,184.55,186.1,3.3,-1.0,1.3654,0.14,176.2631135,161.5344146,0.24939749,0.25,184.92,186.3,3.5,1.3221,0.14,176.900197,160.4492377,0.250732869,0.25,184.98,186.3,4.0,1.3371,0.15,177.3222396,159.7904566,0.190352301,0.25,185.57,186.7,4.0,1.3656,0.13,178.6044455,160.753056,0.190518175,0.25,185.74,186.9,3.9,1.402,0.1,179.7379316,162.0728363,0.191105047,0.25,185.93,186.8,3.9
118,1.3654,0.14,176.2631135,161.5344146,0.24939749,0.25,184.92,186.3,3.5,-1.0,1.3221,0.14,176.900197,160.4492377,0.250732869,0.25,184.98,186.3,4.0,1.3371,0.15,177.3222396,159.7904566,0.190352301,0.25,185.57,186.7,4.0,1.3656,0.13,178.6044455,160.753056,0.190518175,0.25,185.74,186.9,3.9,1.402,0.1,179.7379316,162.0728363,0.191105047,0.25,185.93,186.8,3.9,1.446,0.06,180.9739137,163.6903452,0.204456898,0.4,186.05,187.4,4.0
119,1.3221,0.14,176.900197,160.4492377,0.250732869,0.25,184.98,186.3,4.0,-1.0,1.3371,0.15,177.3222396,159.7904566,0.190352301,0.25,185.57,186.7,4.0,1.3656,0.13,178.6044455,160.753056,0.190518175,0.25,185.74,186.9,3.9,1.402,0.1,179.7379316,162.0728363,0.191105047,0.25,185.93,186.8,3.9,1.446,0.06,180.9739137,163.6903452,0.204456898,0.4,186.05,187.4,4.0,1.4335,0.04,182.3927811,165.873977,0.204855019,0.5,186.46,187.3,3.9
120,1.3371,0.15,177.3222396,159.7904566,0.190352301,0.25,185.57,186.7,4.0,-1.0,1.3656,0.13,178.6044455,160.753056,0.190518175,0.25,185.74,186.9,3.9,1.402,0.1,179.7379316,162.0728363,0.191105047,0.25,185.93,186.8,3.9,1.446,0.06,180.9739137,163.6903452,0.204456898,0.4,186.05,187.4,4.0,1.4335,0.04,182.3927811,165.873977,0.204855019,0.5,186.46,187.3,3.9,1.4403,0.04,183.9161542,164.515325,0.205517462,0.5,186.7,187.7,3.8
121,1.3656,0.13,178.6044455,160.753056,0.190518175,0.25,185.74,186.9,3.9,-1.0,1.402,0.1,179.7379316,162.0728363,0.191105047,0.25,185.93,186.8,3.9,1.446,0.06,180.9739137,163.6903452,0.204456898,0.4,186.05,187.4,4.0,1.4335,0.04,182.3927811,165.873977,0.204855019,0.5,186.46,187.3,3.9,1.4403,0.04,183.9161542,164.515325,0.205517462,0.5,186.7,187.7,3.8,1.4275,0.04,187.246272,165.5273891,0.192206425,0.65,186.93,188.0,3.8
122,1.402,0.1,179.7379316,162.0728363,0.191105047,0.25,185.93,186.8,3.9,-1.0,1.446,0.06,180.9739137,163.6903452,0.204456898,0.4,186.05,187.4,4.0,1.4335,0.04,182.3927811,165.873977,0.204855019,0.5,186.46,187.3,3.9,1.4403,0.04,183.9161542,164.515325,0.205517462,0.5,186.7,187.7,3.8,1.4275,0.04,187.246272,165.5273891,0.192206425,0.65,186.93,188.0,3.8,1.4333,0.02,191.096909,165.9780551,0.191631681,0.75,188.32,188.8,3.8
123,1.446,0.06,180.9739137,163.6903452,0.204456898,0.4,186.05,187.4,4.0,-1.0,1.4335,0.04,182.3927811,165.873977,0.204855019,0.5,186.46,187.3,3.9,1.4403,0.04,183.9161542,164.515325,0.205517462,0.5,186.7,187.7,3.8,1.4275,0.04,187.246272,165.5273891,0.192206425,0.65,186.93,188.0,3.8,1.4333,0.02,191.096909,165.9780551,0.191631681,0.75,188.32,188.8,3.8,1.3747,0.01,191.5209615,166.0234795,0.191691937,0.75,188.86,189.5,4.1
124,1.4335,0.04,182.3927811,165.873977,0.204855019,0.5,186.46,187.3,3.9,-1.0,1.4403,0.04,183.9161542,164.515325,0.205517462,0.5,186.7,187.7,3.8,1.4275,0.04,187.246272,165.5273891,0.192206425,0.65,186.93,188.0,3.8,1.4333,0.02,191.096909,165.9780551,0.191631681,0.75,188.32,188.8,3.8,1.3747,0.01,191.5209615,166.0234795,0.191691937,0.75,188.86,189.5,4.1,1.3732,0.02,192.2002492,165.9811942,0.247696586,0.75,188.24,189.0,4.2
125,1.4403,0.04,183.9161542,164.515325,0.205517462,0.5,186.7,187.7,3.8,-1.0,1.4275,0.04,187.246272,165.5273891,0.192206425,0.65,186.93,188.0,3.8,1.4333,0.02,191.096909,165.9780551,0.191631681,0.75,188.32,188.8,3.8,1.3747,0.01,191.5209615,166.0234795,0.191691937,0.75,188.86,189.5,4.1,1.3732,0.02,192.2002492,165.9811942,0.247696586,0.75,188.24,189.0,4.2,1.3558,0.01,193.2191808,166.5763614,0.247544588,0.57,188.62,189.2,4.3
126,1.4275,0.04,187.246272,165.5273891,0.192206425,0.65,186.93,188.0,3.8,1.0,1.4333,0.02,191.096909,165.9780551,0.191631681,0.75,188.32,188.8,3.8,1.3747,0.01,191.5209615,166.0234795,0.191691937,0.75,188.86,189.5,4.1,1.3732,0.02,192.2002492,165.9811942,0.247696586,0.75,188.24,189.0,4.2,1.3558,0.01,193.2191808,166.5763614,0.247544588,0.57,188.62,189.2,4.3,1.3155,0.01,194.1778207,166.0993934,0.248232024,0.35,189.0,189.9,4.5
127,1.4333,0.02,191.096909,165.9780551,0.191631681,0.75,188.32,188.8,3.8,1.0,1.3747,0.01,191.5209615,166.0234795,0.191691937,0.75,188.86,189.5,4.1,1.3732,0.02,192.2002492,165.9811942,0.247696586,0.75,188.24,189.0,4.2,1.3558,0.01,193.2191808,166.5763614,0.247544588,0.57,188.62,189.2,4.3,1.3155,0.01,194.1778207,166.0993934,0.248232024,0.35,189.0,189.9,4.5,1.291,0.03,195.6589895,167.183275,0.228695098,0.25,189.27,189.8,4.0
128,1.3747,0.01,191.5209615,166.0234795,0.191691937,0.75,188.86,189.5,4.1,-1.0,1.3732,0.02,192.2002492,165.9811942,0.247696586,0.75,188.24,189.0,4.2,1.3558,0.01,193.2191808,166.5763614,0.247544588,0.57,188.62,189.2,4.3,1.3155,0.01,194.1778207,166.0993934,0.248232024,0.35,189.0,189.9,4.5,1.291,0.03,195.6589895,167.183275,0.228695098,0.25,189.27,189.8,4.0,1.3238,0.09,196.8226215,168.193508,0.228327847,0.25,189.85,189.9,3.6
129,1.3732,0.02,192.2002492,165.9811942,0.247696586,0.75,188.24,189.0,4.2,-1.0,1.3558,0.01,193.2191808,166.5763614,0.247544588,0.57,188.62,189.2,4.3,1.3155,0.01,194.1778207,166.0993934,0.248232024,0.35,189.0,189.9,4.5,1.291,0.03,195.6589895,167.183275,0.228695098,0.25,189.27,189.8,4.0,1.3238,0.09,196.8226215,168.193508,0.228327847,0.25,189.85,189.9,3.6,1.3208,0.08,197.7812613,168.4235396,0.227198539,0.25,191.18,191.5,3.4
130,1.3558,0.01,193.2191808,166.5763614,0.247544588,0.57,188.62,189.2,4.3,1.0,1.3155,0.01,194.1778207,166.0993934,0.248232024,0.35,189.0,189.9,4.5,1.291,0.03,195.6589895,167.183275,0.228695098,0.25,189.27,189.8,4.0,1.3238,0.09,196.8226215,168.193508,0.228327847,0.25,189.85,189.9,3.6,1.3208,0.08,197.7812613,168.4235396,0.227198539,0.25,191.18,191.5,3.4,1.316,0.08,198.8423972,169.0448851,0.228489268,0.25,190.59,191.1,3.3
131,1.3155,0.01,194.1778207,166.0993934,0.248232024,0.35,189.0,189.9,4.5,1.0,1.291,0.03,195.6589895,167.183275,0.228695098,0.25,189.27,189.8,4.0,1.3238,0.09,196.8226215,168.193508,0.228327847,0.25,189.85,189.9,3.6,1.3208,0.08,197.7812613,168.4235396,0.227198539,0.25,191.18,191.5,3.4,1.316,0.08,198.8423972,169.0448851,0.228489268,0.25,190.59,191.1,3.3,1.2806,0.09,199.7407452,168.7341447,0.228448186,0.25,191.6,192.3,3.3
132,1.291,0.03,195.6589895,167.183275,0.228695098,0.25,189.27,189.8,4.0,1.0,1.3238,0.09,196.8226215,168.193508,0.228327847,0.25,189.85,189.9,3.6,1.3208,0.08,197.7812613,168.4235396,0.227198539,0.25,191.18,191.5,3.4,1.316,0.08,198.8423972,169.0448851,0.228489268,0.25,190.59,191.1,3.3,1.2806,0.09,199.7407452,168.7341447,0.228448186,0.25,191.6,192.3,3.3,1.2541,0.09,201.0189316,170.1763944,0.228309712,0.25,192.12,193.4,3.3
133,1.3238,0.09,196.8226215,168.193508,0.228327847,0.25,189.85,189.9,3.6,1.0,1.3208,0.08,197.7812613,168.4235396,0.227198539,0.25,191.18,191.5,3.4,1.316,0.08,198.8423972,169.0448851,0.228489268,0.25,190.59,191.1,3.3,1.2806,0.09,199.7407452,168.7341447,0.228448186,0.25,191.6,192.3,3.3,1.2541,0.09,201.0189316,170.1763944,0.228309712,0.25,192.12,193.4,3.3,1.2278,0.1,202.1684955,171.2815666,0.221473535,0.08,193.12,194.3,2.9
134,1.3208,0.08,197.7812613,168.4235396,0.227198539,0.25,191.18,191.5,3.4,1.0,1.316,0.08,198.8423972,169.0448851,0.228489268,0.25,190.59,191.1,3.3,1.2806,0.09,199.7407452,168.7341447,0.228448186,0.25,191.6,192.3,3.3,1.2541,0.09,201.0189316,170.1763944,0.228309712,0.25,192.12,193.4,3.3,1.2278,0.1,202.1684955,171.2815666,0.221473535,0.08,193.12,194.3,2.9,1.2406,0.1,203.372322,171.6135123,0.2217736,0.0,192.95,194.3,2.8
135,1.316,0.08,198.8423972,169.0448851,0.228489268,0.25,190.59,191.1,3.3,1.0,1.2806,0.09,199.7407452,168.7341447,0.228448186,0.25,191.6,192.3,3.3,1.2541,0.09,201.0189316,170.1763944,0.228309712,0.25,192.12,193.4,3.3,1.2278,0.1,202.1684955,171.2815666,0.221473535,0.08,193.12,194.3,2.9,1.2406,0.1,203.372322,171.6135123,0.2217736,0.0,192.95,194.3,2.8,1.2885,0.11,204.9399092,173.2221411,0.220967481,0.0,193.34,195.3,2.7
136,1.2806,0.09,199.7407452,168.7341447,0.228448186,0.25,191.6,192.3,3.3,1.0,1.2541,0.09,201.0189316,170.1763944,0.228309712,0.25,192.12,193.4,3.3,1.2278,0.1,202.1684955,171.2815666,0.221473535,0.08,193.12,194.3,2.9,1.2406,0.1,203.372322,171.6135123,0.2217736,0.0,192.95,194.3,2.8,1.2885,0.11,204.9399092,173.2221411,0.220967481,0.0,193.34,195.3,2.7,1.2974,0.1,206.2140761,173.4439735,0.183130715,0.0,194.6,196.3,2.5
137,1.2541,0.09,201.0189316,170.1763944,0.228309712,0.25,192.12,193.4,3.3,1.0,1.2278,0.1,202.1684955,171.2815666,0.221473535,0.08,193.12,194.3,2.9,1.2406,0.1,203.372322,171.6135123,0.2217736,0.0,192.95,194.3,2.8,1.2885,0.11,204.9399092,173.2221411,0.220967481,0.0,193.34,195.3,2.7,1.2974,0.1,206.2140761,173.4439735,0.183130715,0.0,194.6,196.3,2.5,1.2837,0.09,207.4882431,174.8166121,0.184501177,0.0,194.63,196.5,2.6
138,1.2278,0.1,202.1684955,171.2815666,0.221473535,0.08,193.12,194.3,2.9,1.0,1.2406,0.1,203.372322,171.6135123,0.2217736,0.0,192.95,194.3,2.8,1.2885,0.11,204.9399092,173.2221411,0.220967481,0.0,193.34,195.3,2.7,1.2974,0.1,206.2140761,173.4439735,0.183130715,0.0,194.6,196.3,2.5,1.2837,0.09,207.4882431,174.8166121,0.184501177,0.0,194.63,196.5,2.6,1.3119,0.07,210.1330439,177.4369848,0.184642915,0.0,194.81,197.0,2.4
139,1.2406,0.1,203.372322,171.6135123,0.2217736,0.0,192.95,194.3,2.8,1.0,1.2885,0.11,204.9399092,173.2221411,0.220967481,0.0,193.34,195.3,2.7,1.2974,0.1,206.2140761,173.4439735,0.183130715,0.0,194.6,196.3,2.5,1.2837,0.09,207.4882431,174.8166121,0.184501177,0.0,194.63,196.5,2.6,1.3119,0.07,210.1330439,177.4369848,0.184642915,0.0,194.81,197.0,2.4,1.3304,0.07,210.6415049,177.3411608,0.195798989,0.0,194.39,196.2,2.5
140,1.2885,0.11,204.9399092,173.2221411,0.220967481,0.0,193.34,195.3,2.7,1.0,1.2974,0.1,206.2140761,173.4439735,0.183130715,0.0,194.6,196.3,2.5,1.2837,0.09,207.4882431,174.8166121,0.184501177,0.0,194.63,196.5,2.6,1.3119,0.07,210.1330439,177.4369848,0.184642915,0.0,194.81,197.0,2.4,1.3304,0.07,210.6415049,177.3411608,0.195798989,0.0,194.39,196.2,2.5,1.3347,0.1,210.8806624,176.6479109,0.195530749,0.0,194.72,197.0,2.6
141,1.2974,0.1,206.2140761,173.4439735,0.183130715,0.0,194.6,196.3,2.5,1.0,1.2837,0.09,207.4882431,174.8166121,0.184501177,0.0,194.63,196.5,2.6,1.3119,0.07,210.1330439,177.4369848,0.184642915,0.0,194.81,197.0,2.4,1.3304,0.07,210.6415049,177.3411608,0.195798989,0.0,194.39,196.2,2.5,1.3347,0.1,210.8806624,176.6479109,0.195530749,0.0,194.72,197.0,2.6,1.2953,0.09,212.2131115,176.4863412,0.195097518,0.0,195.13,197.9,2.6
142,1.2837,0.09,207.4882431,174.8166121,0.184501177,0.0,194.63,196.5,2.6,1.0,1.3119,0.07,210.1330439,177.4369848,0.184642915,0.0,194.81,197.0,2.4,1.3304,0.07,210.6415049,177.3411608,0.195798989,0.0,194.39,196.2,2.5,1.3347,0.1,210.8806624,176.6479109,0.195530749,0.0,194.72,197.0,2.6,1.2953,0.09,212.2131115,176.4863412,0.195097518,0.0,195.13,197.9,2.6,1.3025,0.06,212.9044576,177.8987823,0.20184838,0.0,195.51,198.9,2.6
143,1.3119,0.07,210.1330439,177.4369848,0.184642915,0.0,194.81,197.0,2.4,1.0,1.3304,0.07,210.6415049,177.3411608,0.195798989,0.0,194.39,196.2,2.5,1.3347,0.1,210.8806624,176.6479109,0.195530749,0.0,194.72,197.0,2.6,1.2953,0.09,212.2131115,176.4863412,0.195097518,0.0,195.13,197.9,2.6,1.3025,0.06,212.9044576,177.8987823,0.20184838,0.0,195.51,198.9,2.6,1.2983,0.04,213.704329,177.9856699,0.203537193,0.0,195.75,199.2,2.6
144,1.3304,0.07,210.6415049,177.3411608,0.195798989,0.0,194.39,196.2,2.5,1.0,1.3347,0.1,210.8806624,176.6479109,0.195530749,0.0,194.72,197.0,2.6,1.2953,0.09,212.2131115,176.4863412,0.195097518,0.0,195.13,197.9,2.6,1.3025,0.06,212.9044576,177.8987823,0.20184838,0.0,195.51,198.9,2.6,1.2983,0.04,213.704329,177.9856699,0.203537193,0.0,195.75,199.2,2.6,1.3197,0.05,214.7594357,178.5051577,0.203858496,0.0,195.44,199.4,2.9
145,1.3347,0.1,210.8806624,176.6479109,0.195530749,0.0,194.72,197.0,2.6,1.0,1.2953,0.09,212.2131115,176.4863412,0.195097518,0.0,195.13,197.9,2.6,1.3025,0.06,212.9044576,177.8987823,0.20184838,0.0,195.51,198.9,2.6,1.2983,0.04,213.704329,177.9856699,0.203537193,0.0,195.75,199.2,2.6,1.3197,0.05,214.7594357,178.5051577,0.203858496,0.0,195.44,199.4,2.9,1.3088,0.04,215.691949,178.8998666,0.163973006,0.0,195.69,199.3,2.8
146,1.2953,0.09,212.2131115,176.4863412,0.195097518,0.0,195.13,197.9,2.6,-1.0,1.3025,0.06,212.9044576,177.8987823,0.20184838,0.0,195.51,198.9,2.6,1.2983,0.04,213.704329,177.9856699,0.203537193,0.0,195.75,199.2,2.6,1.3197,0.05,214.7594357,178.5051577,0.203858496,0.0,195.44,199.4,2.9,1.3088,0.04,215.691949,178.8998666,0.163973006,0.0,195.69,199.3,2.8,1.3314,0.04,216.7872503,179.0170613,0.164127722,0.0,196.46,200.5,2.9
147,1.3025,0.06,212.9044576,177.8987823,0.20184838,0.0,195.51,198.9,2.6,-1.0,1.2983,0.04,213.704329,177.9856699,0.203537193,0.0,195.75,199.2,2.6,1.3197,0.05,214.7594357,178.5051577,0.203858496,0.0,195.44,199.4,2.9,1.3088,0.04,215.691949,178.8998666,0.163973006,0.0,195.69,199.3,2.8,1.3314,0.04,216.7872503,179.0170613,0.164127722,0.0,196.46,200.5,2.9,1.3364,0.02,217.8262792,180.3770221,0.164163552,0.0,196.44,200.5,2.9
148,1.2983,0.04,213.704329,177.9856699,0.203537193,0.0,195.75,199.2,2.6,-1.0,1.3197,0.05,214.7594357,178.5051577,0.203858496,0.0,195.44,199.4,2.9,1.3088,0.04,215.691949,178.8998666,0.163973006,0.0,195.69,199.3,2.8,1.3314,0.04,216.7872503,179.0170613,0.164127722,0.0,196.46,200.5,2.9,1.3364,0.02,217.8262792,180.3770221,0.164163552,0.0,196.44,200.5,2.9,1.3646,0.05,220.1073194,180.8824079,0.239210427,0.0,196.56,200.8,2.9
149,1.3197,0.05,214.7594357,178.5051577,0.203858496,0.0,195.44,199.4,2.9,-1.0,1.3088,0.04,215.691949,178.8998666,0.163973006,0.0,195.69,199.3,2.8,1.3314,0.04,216.7872503,179.0170613,0.164127722,0.0,196.46,200.5,2.9,1.3364,0.02,217.8262792,180.3770221,0.164163552,0.0,196.44,200.5,2.9,1.3646,0.05,220.1073194,180.8824079,0.239210427,0.0,196.56,200.8,2.9,1.3491,0.07,220.213835,180.5929043,0.238611303,0.0,196.72,201.3,2.8
150,1.3088,0.04,215.691949,178.8998666,0.163973006,0.0,195.69,199.3,2.8,-1.0,1.3314,0.04,216.7872503,179.0170613,0.164127722,0.0,196.46,200.5,2.9,1.3364,0.02,217.8262792,180.3770221,0.164163552,0.0,196.44,200.5,2.9,1.3646,0.05,220.1073194,180.8824079,0.239210427,0.0,196.56,200.8,2.9,1.3491,0.07,220.213835,180.5929043,0.238611303,0.0,196.72,201.3,2.8,1.3708,0.07,221.5442743,181.7607015,0.238983517,0.0,195.77,200.3,2.9
151,1.3314,0.04,216.7872503,179.0170613,0.164127722,0.0,196.46,200.5,2.9,-1.0,1.3364,0.02,217.8262792,180.3770221,0.164163552,0.0,196.44,200.5,2.9,1.3646,0.05,220.1073194,180.8824079,0.239210427,0.0,196.56,200.8,2.9,1.3491,0.07,220.213835,180.5929043,0.238611303,0.0,196.72,201.3,2.8,1.3708,0.07,221.5442743,181.7607015,0.238983517,0.0,195.77,200.3,2.9,1.3618,0.04,222.6757506,181.6270686,0.175417629,0.0,196.48,200.8,2.8
152,1.3364,0.02,217.8262792,180.3770221,0.164163552,0.0,196.44,200.5,2.9,-1.0,1.3646,0.05,220.1073194,180.8824079,0.239210427,0.0,196.56,200.8,2.9,1.3491,0.07,220.213835,180.5929043,0.238611303,0.0,196.72,201.3,2.8,1.3708,0.07,221.5442743,181.7607015,0.238983517,0.0,195.77,200.3,2.9,1.3618,0.04,222.6757506,181.6270686,0.175417629,0.0,196.48,200.8,2.8,1.3665,0.05,224.5387676,183.0158858,0.175406683,0.0,196.87,201.4,2.6
153,1.3646,0.05,220.1073194,180.8824079,0.239210427,0.0,196.56,200.8,2.9,-1.0,1.3491,0.07,220.213835,180.5929043,0.238611303,0.0,196.72,201.3,2.8,1.3708,0.07,221.5442743,181.7607015,0.238983517,0.0,195.77,200.3,2.9,1.3618,0.04,222.6757506,181.6270686,0.175417629,0.0,196.48,200.8,2.8,1.3665,0.05,224.5387676,183.0158858,0.175406683,0.0,196.87,201.4,2.6,1.3828,0.05,225.3064834,183.6502513,0.175089262,0.0,196.88,201.5,2.5
154,1.3491,0.07,220.213835,180.5929043,0.238611303,0.0,196.72,201.3,2.8,-1.0,1.3708,0.07,221.5442743,181.7607015,0.238983517,0.0,195.77,200.3,2.9,1.3618,0.04,222.6757506,181.6270686,0.175417629,0.0,196.48,200.8,2.8,1.3665,0.05,224.5387676,183.0158858,0.175406683,0.0,196.87,201.4,2.6,1.3828,0.05,225.3064834,183.6502513,0.175089262,0.0,196.88,201.5,2.5,1.381,0.03,226.3575706,183.8580284,0.175412601,0.0,196.72,201.6,2.4
155,1.3708,0.07,221.5442743,181.7607015,0.238983517,0.0,195.77,200.3,2.9,-1.0,1.3618,0.04,222.6757506,181.6270686,0.175417629,0.0,196.48,200.8,2.8,1.3665,0.05,224.5387676,183.0158858,0.175406683,0.0,196.87,201.4,2.6,1.3828,0.05,225.3064834,183.6502513,0.175089262,0.0,196.88,201.5,2.5,1.381,0.03,226.3575706,183.8580284,0.175412601,0.0,196.72,201.6,2.4,1.3739,0.03,227.6940391,184.868532,0.175392001,0.0,197.81,203.0,2.2
156,1.3618,0.04,222.6757506,181.6270686,0.175417629,0.0,196.48,200.8,2.8,-1.0,1.3665,0.05,224.5387676,183.0158858,0.175406683,0.0,196.87,201.4,2.6,1.3828,0.05,225.3064834,183.6502513,0.175089262,0.0,196.88,201.5,2.5,1.381,0.03,226.3575706,183.8580284,0.175412601,0.0,196.72,201.6,2.4,1.3739,0.03,227.6940391,184.868532,0.175392001,0.0,197.81,203.0,2.2,1.3595,0.04,228.7149805,185.1939804,0.174733754,-0.07,198.5,203.8,2.3
157,1.3665,0.05,224.5387676,183.0158858,0.175406683,0.0,196.87,201.4,2.6,-1.0,1.3828,0.05,225.3064834,183.6502513,0.175089262,0.0,196.88,201.5,2.5,1.381,0.03,226.3575706,183.8580284,0.175412601,0.0,196.72,201.6,2.4,1.3739,0.03,227.6940391,184.868532,0.175392001,0.0,197.81,203.0,2.2,1.3595,0.04,228.7149805,185.1939804,0.174733754,-0.07,198.5,203.8,2.3,1.3533,0.03,229.8605249,185.2394434,0.190495135,-0.1,199.12,204.5,2.2
158,1.3828,0.05,225.3064834,183.6502513,0.175089262,0.0,196.88,201.5,2.5,-1.0,1.381,0.03,226.3575706,183.8580284,0.175412601,0.0,196.72,201.6,2.4,1.3739,0.03,227.6940391,184.868532,0.175392001,0.0,197.81,203.0,2.2,1.3595,0.04,228.7149805,185.1939804,0.174733754,-0.07,198.5,203.8,2.3,1.3533,0.03,229.8605249,185.2394434,0.190495135,-0.1,199.12,204.5,2.2,1.3315,0.03,230.4453555,185.3406945,0.190703287,-0.1,200.04,205.9,2.1
159,1.381,0.03,226.3575706,183.8580284,0.175412601,0.0,196.72,201.6,2.4,-1.0,1.3739,0.03,227.6940391,184.868532,0.175392001,0.0,197.81,203.0,2.2,1.3595,0.04,228.7149805,185.1939804,0.174733754,-0.07,198.5,203.8,2.3,1.3533,0.03,229.8605249,185.2394434,0.190495135,-0.1,199.12,204.5,2.2,1.3315,0.03,230.4453555,185.3406945,0.190703287,-0.1,200.04,205.9,2.1,1.2889,0.02,231.1226335,185.4109979,0.190888257,-0.17,201.01,207.0,2.0
160,1.3739,0.03,227.6940391,184.868532,0.175392001,0.0,197.81,203.0,2.2,-1.0,1.3595,0.04,228.7149805,185.1939804,0.174733754,-0.07,198.5,203.8,2.3,1.3533,0.03,229.8605249,185.2394434,0.190495135,-0.1,199.12,204.5,2.2,1.3315,0.03,230.4453555,185.3406945,0.190703287,-0.1,200.04,205.9,2.1,1.2889,0.02,231.1226335,185.4109979,0.190888257,-0.17,201.01,207.0,2.0,1.2677,0.02,232.3666546,186.2921009,0.191572155,-0.2,201.42,207.6,2.1
161,1.3595,0.04,228.7149805,185.1939804,0.174733754,-0.07,198.5,203.8,2.3,-1.0,1.3533,0.03,229.8605249,185.2394434,0.190495135,-0.1,199.12,204.5,2.2,1.3315,0.03,230.4453555,185.3406945,0.190703287,-0.1,200.04,205.9,2.1,1.2889,0.02,231.1226335,185.4109979,0.190888257,-0.17,201.01,207.0,2.0,1.2677,0.02,232.3666546,186.2921009,0.191572155,-0.2,201.42,207.6,2.1,1.2473,0.02,233.0921661,186.3207906,0.192371425,-0.2,202.75,209.5,2.0
162,1.3533,0.03,229.8605249,185.2394434,0.190495135,-0.1,199.12,204.5,2.2,-1.0,1.3315,0.03,230.4453555,185.3406945,0.190703287,-0.1,200.04,205.9,2.1,1.2889,0.02,231.1226335,185.4109979,0.190888257,-0.17,201.01,207.0,2.0,1.2677,0.02,232.3666546,186.2921009,0.191572155,-0.2,201.42,207.6,2.1,1.2473,0.02,233.0921661,186.3207906,0.192371425,-0.2,202.75,209.5,2.0,1.2329,0.03,234.6858797,188.1949994,0.191884966,-0.2,205.7,212.8,2.1
163,1.3315,0.03,230.4453555,185.3406945,0.190703287,-0.1,200.04,205.9,2.1,-1.0,1.2889,0.02,231.1226335,185.4109979,0.190888257,-0.17,201.01,207.0,2.0,1.2677,0.02,232.3666546,186.2921009,0.191572155,-0.2,201.42,207.6,2.1,1.2473,0.02,233.0921661,186.3207906,0.192371425,-0.2,202.75,209.5,2.0,1.2329,0.03,234.6858797,188.1949994,0.191884966,-0.2,205.7,212.8,2.1,1.1615,0.03,236.0906789,189.1015393,0.17147665,-0.2,207.06,214.8,2.1
164,1.2889,0.02,231.1226335,185.4109979,0.190888257,-0.17,201.01,207.0,2.0,1.0,1.2677,0.02,232.3666546,186.2921009,0.191572155,-0.2,201.42,207.6,2.1,1.2473,0.02,233.0921661,186.3207906,0.192371425,-0.2,202.75,209.5,2.0,1.2329,0.03,234.6858797,188.1949994,0.191884966,-0.2,205.7,212.8,2.1,1.1615,0.03,236.0906789,189.1015393,0.17147665,-0.2,207.06,214.8,2.1,1.135,0.02,238.6591101,190.6265544,0.171362937,-0.2,207.63,215.8,2.0
165,1.2677,0.02,232.3666546,186.2921009,0.191572155,-0.2,201.42,207.6,2.1,1.0,1.2473,0.02,233.0921661,186.3207906,0.192371425,-0.2,202.75,209.5,2.0,1.2329,0.03,234.6858797,188.1949994,0.191884966,-0.2,205.7,212.8,2.1,1.1615,0.03,236.0906789,189.1015393,0.17147665,-0.2,207.06,214.8,2.1,1.135,0.02,238.6591101,190.6265544,0.171362937,-0.2,207.63,215.8,2.0,1.0819,0.03,238.9927248,191.4316233,0.170796079,-0.2,208.49,216.8,1.7
166,1.2473,0.02,233.0921661,186.3207906,0.192371425,-0.2,202.75,209.5,2.0,1.0,1.2329,0.03,234.6858797,188.1949994,0.191884966,-0.2,205.7,212.8,2.1,1.1615,0.03,236.0906789,189.1015393,0.17147665,-0.2,207.06,214.8,2.1,1.135,0.02,238.6591101,190.6265544,0.171362937,-0.2,207.63,215.8,2.0,1.0819,0.03,238.9927248,191.4316233,0.170796079,-0.2,208.49,216.8,1.7,1.0822,0.02,239.7825475,190.9020626,0.182485329,-0.2,209.95,218.6,1.7
167,1.2329,0.03,234.6858797,188.1949994,0.191884966,-0.2,205.7,212.8,2.1,1.0,1.1615,0.03,236.0906789,189.1015393,0.17147665,-0.2,207.06,214.8,2.1,1.135,0.02,238.6591101,190.6265544,0.171362937,-0.2,207.63,215.8,2.0,1.0819,0.03,238.9927248,191.4316233,0.170796079,-0.2,208.49,216.8,1.7,1.0822,0.02,239.7825475,190.9020626,0.182485329,-0.2,209.95,218.6,1.7,1.1167,0.02,240.3914948,191.2253402,0.183159728,-0.2,210.25,219.6,2.1
168,1.1615,0.03,236.0906789,189.1015393,0.17147665,-0.2,207.06,214.8,2.1,1.0,1.135,0.02,238.6591101,190.6265544,0.171362937,-0.2,207.63,215.8,2.0,1.0819,0.03,238.9927248,191.4316233,0.170796079,-0.2,208.49,216.8,1.7,1.0822,0.02,239.7825475,190.9020626,0.182485329,-0.2,209.95,218.6,1.7,1.1167,0.02,240.3914948,191.2253402,0.183159728,-0.2,210.25,219.6,2.1,1.1226,0.02,241.2978817,191.3323923,0.182819941,-0.2,210.59,220.0,2.5
169,1.135,0.02,238.6591101,190.6265544,0.171362937,-0.2,207.63,215.8,2.0,1.0,1.0819,0.03,238.9927248,191.4316233,0.170796079,-0.2,208.49,216.8,1.7,1.0822,0.02,239.7825475,190.9020626,0.182485329,-0.2,209.95,218.6,1.7,1.1167,0.02,240.3914948,191.2253402,0.183159728,-0.2,210.25,219.6,2.1,1.1226,0.02,241.2978817,191.3323923,0.182819941,-0.2,210.59,220.0,2.5,1.0997,0.03,242.2906869,192.6675013,0.203354095,-0.2,211.98,221.6,2.6
170,1.0819,0.03,238.9927248,191.4316233,0.170796079,-0.2,208.49,216.8,1.7,-1.0,1.0822,0.02,239.7825475,190.9020626,0.182485329,-0.2,209.95,218.6,1.7,1.1167,0.02,240.3914948,191.2253402,0.183159728,-0.2,210.25,219.6,2.1,1.1226,0.02,241.2978817,191.3323923,0.182819941,-0.2,210.59,220.0,2.5,1.0997,0.03,242.2906869,192.6675013,0.203354095,-0.2,211.98,221.6,2.6,1.1136,0.07,243.269424,194.3672236,0.202840422,-0.2,212.16,222.0,2.7
171,1.0822,0.02,239.7825475,190.9020626,0.182485329,-0.2,209.95,218.6,1.7,-1.0,1.1167,0.02,240.3914948,191.2253402,0.183159728,-0.2,210.25,219.6,2.1,1.1226,0.02,241.2978817,191.3323923,0.182819941,-0.2,210.59,220.0,2.5,1.0997,0.03,242.2906869,192.6675013,0.203354095,-0.2,211.98,221.6,2.6,1.1136,0.07,243.269424,194.3672236,0.202840422,-0.2,212.16,222.0,2.7,1.1229,0.02,244.3546766,193.7912523,0.203476131,-0.2,212.9,222.7,2.9
172,1.1167,0.02,240.3914948,191.2253402,0.183159728,-0.2,210.25,219.6,2.1,1.0,1.1226,0.02,241.2978817,191.3323923,0.182819941,-0.2,210.59,220.0,2.5,1.0997,0.03,242.2906869,192.6675013,0.203354095,-0.2,211.98,221.6,2.6,1.1136,0.07,243.269424,194.3672236,0.202840422,-0.2,212.16,222.0,2.7,1.1229,0.02,244.3546766,193.7912523,0.203476131,-0.2,212.9,222.7,2.9,1.1228,0.02,245.1163632,194.9495703,0.17909849,-0.2,214.43,224.9,2.8
173,1.1226,0.02,241.2978817,191.3323923,0.182819941,-0.2,210.59,220.0,2.5,-1.0,1.0997,0.03,242.2906869,192.6675013,0.203354095,-0.2,211.98,221.6,2.6,1.1136,0.07,243.269424,194.3672236,0.202840422,-0.2,212.16,222.0,2.7,1.1229,0.02,244.3546766,193.7912523,0.203476131,-0.2,212.9,222.7,2.9,1.1228,0.02,245.1163632,194.9495703,0.17909849,-0.2,214.43,224.9,2.8,1.0727,0.12,246.8125729,195.0454449,0.179249846,-0.2,215.61,225.8,2.7
174,1.0997,0.03,242.2906869,192.6675013,0.203354095,-0.2,211.98,221.6,2.6,-1.0,1.1136,0.07,243.269424,194.3672236,0.202840422,-0.2,212.16,222.0,2.7,1.1229,0.02,244.3546766,193.7912523,0.203476131,-0.2,212.9,222.7,2.9,1.1228,0.02,245.1163632,194.9495703,0.17909849,-0.2,214.43,224.9,2.8,1.0727,0.12,246.8125729,195.0454449,0.179249846,-0.2,215.61,225.8,2.7,1.0889,0.23,248.0867398,195.6760809,0.176815193,-0.27,215.96,225.9,2.6
175,1.1136,0.07,243.269424,194.3672236,0.202840422,-0.2,212.16,222.0,2.7,-1.0,1.1229,0.02,244.3546766,193.7912523,0.203476131,-0.2,212.9,222.7,2.9,1.1228,0.02,245.1163632,194.9495703,0.17909849,-0.2,214.43,224.9,2.8,1.0727,0.12,246.8125729,195.0454449,0.179249846,-0.2,215.61,225.8,2.7,1.0889,0.23,248.0867398,195.6760809,0.176815193,-0.27,215.96,225.9,2.6,1.0855,0.26,250.7315407,196.7418433,0.19872326,-0.3,217.26,227.8,2.6
176,1.1229,0.02,244.3546766,193.7912523,0.203476131,-0.2,212.9,222.7,2.9,-1.0,1.1228,0.02,245.1163632,194.9495703,0.17909849,-0.2,214.43,224.9,2.8,1.0727,0.12,246.8125729,195.0454449,0.179249846,-0.2,215.61,225.8,2.7,1.0889,0.23,248.0867398,195.6760809,0.176815193,-0.27,215.96,225.9,2.6,1.0855,0.26,250.7315407,196.7418433,0.19872326,-0.3,217.26,227.8,2.6,1.1092,0.31,252.3594196,198.2555558,0.198188109,-0.3,218.45,228.8,2.5
177,1.1228,0.02,245.1163632,194.9495703,0.17909849,-0.2,214.43,224.9,2.8,-1.0,1.0727,0.12,246.8125729,195.0454449,0.179249846,-0.2,215.61,225.8,2.7,1.0889,0.23,248.0867398,195.6760809,0.176815193,-0.27,215.96,225.9,2.6,1.0855,0.26,250.7315407,196.7418433,0.19872326,-0.3,217.26,227.8,2.6,1.1092,0.31,252.3594196,198.2555558,0.198188109,-0.3,218.45,228.8,2.5,1.1134,0.29,253.6496644,198.7297384,0.198456661,-0.35,218.7,229.1,2.4
178,1.0727,0.12,246.8125729,195.0454449,0.179249846,-0.2,215.61,225.8,2.7,-1.0,1.0889,0.23,248.0867398,195.6760809,0.176815193,-0.27,215.96,225.9,2.6,1.0855,0.26,250.7315407,196.7418433,0.19872326,-0.3,217.26,227.8,2.6,1.1092,0.31,252.3594196,198.2555558,0.198188109,-0.3,218.45,228.8,2.5,1.1134,0.29,253.6496644,198.7297384,0.198456661,-0.35,218.7,229.1,2.4,1.1346,0.23,255.2654849,199.411926,0.226816187,-0.4,219.71,230.7,2.3
179,1.0889,0.23,248.0867398,195.6760809,0.176815193,-0.27,215.96,225.9,2.6,1.0,1.0855,0.26,250.7315407,196.7418433,0.19872326,-0.3,217.26,227.8,2.6,1.1092,0.31,252.3594196,198.2555558,0.198188109,-0.3,218.45,228.8,2.5,1.1134,0.29,253.6496644,198.7297384,0.198456661,-0.35,218.7,229.1,2.4,1.1346,0.23,255.2654849,199.411926,0.226816187,-0.4,219.71,230.7,2.3,1.1312,0.27,256.6079826,200.348359,0.227596064,-0.4,220.53,231.4,2.2
180,1.0855,0.26,250.7315407,196.7418433,0.19872326,-0.3,217.26,227.8,2.6,1.0,1.1092,0.31,252.3594196,198.2555558,0.198188109,-0.3,218.45,228.8,2.5,1.1134,0.29,253.6496644,198.7297384,0.198456661,-0.35,218.7,229.1,2.4,1.1346,0.23,255.2654849,199.411926,0.226816187,-0.4,219.71,230.7,2.3,1.1312,0.27,256.6079826,200.348359,0.227596064,-0.4,220.53,231.4,2.2,1.1232,0.27,257.9565095,202.0311105,0.225787783,-0.4,221.26,232.1,2.1
181,1.1092,0.31,252.3594196,198.2555558,0.198188109,-0.3,218.45,228.8,2.5,1.0,1.1134,0.29,253.6496644,198.7297384,0.198456661,-0.35,218.7,229.1,2.4,1.1346,0.23,255.2654849,199.411926,0.226816187,-0.4,219.71,230.7,2.3,1.1312,0.27,256.6079826,200.348359,0.227596064,-0.4,220.53,231.4,2.2,1.1232,0.27,257.9565095,202.0311105,0.225787783,-0.4,221.26,232.1,2.1,1.1055,0.3,259.1342096,202.1116365,0.186413933,-0.4,222.44,233.9,2.0
182,1.1134,0.29,253.6496644,198.7297384,0.198456661,-0.35,218.7,229.1,2.4,1.0,1.1346,0.23,255.2654849,199.411926,0.226816187,-0.4,219.71,230.7,2.3,1.1312,0.27,256.6079826,200.348359,0.227596064,-0.4,220.53,231.4,2.2,1.1232,0.27,257.9565095,202.0311105,0.225787783,-0.4,221.26,232.1,2.1,1.1055,0.3,259.1342096,202.1116365,0.186413933,-0.4,222.44,233.9,2.0,1.1207,0.3,260.7319426,203.0145896,0.186269951,-0.4,222.87,234.1,1.8
183,1.1346,0.23,255.2654849,199.411926,0.226816187,-0.4,219.71,230.7,2.3,1.0,1.1312,0.27,256.6079826,200.348359,0.227596064,-0.4,220.53,231.4,2.2,1.1232,0.27,257.9565095,202.0311105,0.225787783,-0.4,221.26,232.1,2.1,1.1055,0.3,259.1342096,202.1116365,0.186413933,-0.4,222.44,233.9,2.0,1.1207,0.3,260.7319426,203.0145896,0.186269951,-0.4,222.87,234.1,1.8,1.1218,0.29,261.9237108,202.8640294,0.185306197,-0.4,223.68,235.0,1.7
184,1.1312,0.27,256.6079826,200.348359,0.227596064,-0.4,220.53,231.4,2.2,1.0,1.1232,0.27,257.9565095,202.0311105,0.225787783,-0.4,221.26,232.1,2.1,1.1055,0.3,259.1342096,202.1116365,0.186413933,-0.4,222.44,233.9,2.0,1.1207,0.3,260.7319426,203.0145896,0.186269951,-0.4,222.87,234.1,1.8,1.1218,0.29,261.9237108,202.8640294,0.185306197,-0.4,223.68,235.0,1.7,1.1014,0.33,263.3867921,202.9518999,0.203792126,-0.4,224.06,235.8,1.9
185,1.1232,0.27,257.9565095,202.0311105,0.225787783,-0.4,221.26,232.1,2.1,1.0,1.1055,0.3,259.1342096,202.1116365,0.186413933,-0.4,222.44,233.9,2.0,1.1207,0.3,260.7319426,203.0145896,0.186269951,-0.4,222.87,234.1,1.8,1.1218,0.29,261.9237108,202.8640294,0.185306197,-0.4,223.68,235.0,1.7,1.1014,0.33,263.3867921,202.9518999,0.203792126,-0.4,224.06,235.8,1.9,1.0792,0.45,264.8860485,203.8441075,0.204857299,-0.4,225.59,237.2,2.2
186,1.1055,0.3,259.1342096,202.1116365,0.186413933,-0.4,222.44,233.9,2.0,1.0,1.1207,0.3,260.7319426,203.0145896,0.186269951,-0.4,222.87,234.1,1.8,1.1218,0.29,261.9237108,202.8640294,0.185306197,-0.4,223.68,235.0,1.7,1.1014,0.33,263.3867921,202.9518999,0.203792126,-0.4,224.06,235.8,1.9,1.0792,0.45,264.8860485,203.8441075,0.204857299,-0.4,225.59,237.2,2.2,1.0545,0.51,265.691949,204.1592113,0.203639226,-0.4,226.75,238.7,2.3
187,1.1207,0.3,260.7319426,203.0145896,0.186269951,-0.4,222.87,234.1,1.8,1.0,1.1218,0.29,261.9237108,202.8640294,0.185306197,-0.4,223.68,235.0,1.7,1.1014,0.33,263.3867921,202.9518999,0.203792126,-0.4,224.06,235.8,1.9,1.0792,0.45,264.8860485,203.8441075,0.204857299,-0.4,225.59,237.2,2.2,1.0545,0.51,265.691949,204.1592113,0.203639226,-0.4,226.75,238.7,2.3,1.0635,0.51,267.1992443,205.0144099,0.224538236,-0.4,227.83,239.7,2.3
188,1.1218,0.29,261.9237108,202.8640294,0.185306197,-0.4,223.68,235.0,1.7,1.0,1.1014,0.33,263.3867921,202.9518999,0.203792126,-0.4,224.06,235.8,1.9,1.0792,0.45,264.8860485,203.8441075,0.204857299,-0.4,225.59,237.2,2.2,1.0545,0.51,265.691949,204.1592113,0.203639226,-0.4,226.75,238.7,2.3,1.0635,0.51,267.1992443,205.0144099,0.224538236,-0.4,227.83,239.7,2.3,1.065,0.52,268.6181117,205.8427434,0.224389191,-0.4,228.78,240.7,2.4
189,1.1014,0.33,263.3867921,202.9518999,0.203792126,-0.4,224.06,235.8,1.9,1.0,1.0792,0.45,264.8860485,203.8441075,0.204857299,-0.4,225.59,237.2,2.2,1.0545,0.51,265.691949,204.1592113,0.203639226,-0.4,226.75,238.7,2.3,1.0635,0.51,267.1992443,205.0144099,0.224538236,-0.4,227.83,239.7,2.3,1.065,0.52,268.6181117,205.8427434,0.224389191,-0.4,228.78,240.7,2.4,1.0691,0.74,270.0108525,206.9140154,0.222976447,-0.4,230.49,242.5,2.5
190,1.0792,0.45,264.8860485,203.8441075,0.204857299,-0.4,225.59,237.2,2.2,1.0,1.0545,0.51,265.691949,204.1592113,0.203639226,-0.4,226.75,238.7,2.3,1.0635,0.51,267.1992443,205.0144099,0.224538236,-0.4,227.83,239.7,2.3,1.065,0.52,268.6181117,205.8427434,0.224389191,-0.4,228.78,240.7,2.4,1.0691,0.74,270.0108525,206.9140154,0.222976447,-0.4,230.49,242.5,2.5,1.0714,0.8,271.1764942,208.1210926,0.218895507,-0.4,230.48,242.9,2.6
191,1.0545,0.51,265.691949,204.1592113,0.203639226,-0.4,226.75,238.7,2.3,1.0,1.0635,0.51,267.1992443,205.0144099,0.224538236,-0.4,227.83,239.7,2.3,1.065,0.52,268.6181117,205.8427434,0.224389191,-0.4,228.78,240.7,2.4,1.0691,0.74,270.0108525,206.9140154,0.222976447,-0.4,230.49,242.5,2.5,1.0714,0.8,271.1764942,208.1210926,0.218895507,-0.4,230.48,242.9,2.6,1.105,0.89,272.1974356,208.8601575,0.218599689,-0.4,230.97,243.1,2.6
192,1.0635,0.51,267.1992443,205.0144099,0.224538236,-0.4,227.83,239.7,2.3,1.0,1.065,0.52,268.6181117,205.8427434,0.224389191,-0.4,228.78,240.7,2.4,1.0691,0.74,270.0108525,206.9140154,0.222976447,-0.4,230.49,242.5,2.5,1.0714,0.8,271.1764942,208.1210926,0.218895507,-0.4,230.48,242.9,2.6,1.105,0.89,272.1974356,208.8601575,0.218599689,-0.4,230.97,243.1,2.6,1.1233,0.98,272.7460911,209.4233068,0.214981262,-0.4,231.74,243.9,2.4
193,1.065,0.52,268.6181117,205.8427434,0.224389191,-0.4,228.78,240.7,2.4,-1.0,1.0691,0.74,270.0108525,206.9140154,0.222976447,-0.4,230.49,242.5,2.5,1.0714,0.8,271.1764942,208.1210926,0.218895507,-0.4,230.48,242.9,2.6,1.105,0.89,272.1974356,208.8601575,0.218599689,-0.4,230.97,243.1,2.6,1.1233,0.98,272.7460911,209.4233068,0.214981262,-0.4,231.74,243.9,2.4,1.153,1.07,273.8876161,209.9355407,0.212682562,-0.4,232.04,244.6,2.4
194,1.0691,0.74,270.0108525,206.9140154,0.222976447,-0.4,230.49,242.5,2.5,-1.0,1.0714,0.8,271.1764942,208.1210926,0.218895507,-0.4,230.48,242.9,2.6,1.105,0.89,272.1974356,208.8601575,0.218599689,-0.4,230.97,243.1,2.6,1.1233,0.98,272.7460911,209.4233068,0.214981262,-0.4,231.74,243.9,2.4,1.153,1.07,273.8876161,209.9355407,0.212682562,-0.4,232.04,244.6,2.4,1.1813,1.01,274.8723823,211.2128352,0.211744648,-0.4,233.42,246.3,2.2
195,1.0714,0.8,271.1764942,208.1210926,0.218895507,-0.4,230.48,242.9,2.6,-1.0,1.105,0.89,272.1974356,208.8601575,0.218599689,-0.4,230.97,243.1,2.6,1.1233,0.98,272.7460911,209.4233068,0.214981262,-0.4,231.74,243.9,2.4,1.153,1.07,273.8876161,209.9355407,0.212682562,-0.4,232.04,244.6,2.4,1.1813,1.01,274.8723823,211.2128352,0.211744648,-0.4,233.42,246.3,2.2,1.1913,1.03,275.7084288,212.127409,0.211435302,-0.4,234.26,247.5,2.2
196,1.105,0.89,272.1974356,208.8601575,0.218599689,-0.4,230.97,243.1,2.6,-1.0,1.1233,0.98,272.7460911,209.4233068,0.214981262,-0.4,231.74,243.9,2.4,1.153,1.07,273.8876161,209.9355407,0.212682562,-0.4,232.04,244.6,2.4,1.1813,1.01,274.8723823,211.2128352,0.211744648,-0.4,233.42,246.3,2.2,1.1913,1.03,275.7084288,212.127409,0.211435302,-0.4,234.26,247.5,2.2,1.1755,1.07,276.7735841,213.0659595,0.196667088,-0.4,234.7,247.9,2.1
197,1.1233,0.98,272.7460911,209.4233068,0.214981262,-0.4,231.74,243.9,2.4,-1.0,1.153,1.07,273.8876161,209.9355407,0.212682562,-0.4,232.04,244.6,2.4,1.1813,1.01,274.8723823,211.2128352,0.211744648,-0.4,233.42,246.3,2.2,1.1913,1.03,275.7084288,212.127409,0.211435302,-0.4,234.26,247.5,2.2,1.1755,1.07,276.7735841,213.0659595,0.196667088,-0.4,234.7,247.9,2.1,1.1743,1.23,277.4649303,213.9530731,0.195994199,-0.4,235.67,248.7,1.9
198,1.153,1.07,273.8876161,209.9355407,0.212682562,-0.4,232.04,244.6,2.4,-1.0,1.1813,1.01,274.8723823,211.2128352,0.211744648,-0.4,233.42,246.3,2.2,1.1913,1.03,275.7084288,212.127409,0.211435302,-0.4,234.26,247.5,2.2,1.1755,1.07,276.7735841,213.0659595,0.196667088,-0.4,234.7,247.9,2.1,1.1743,1.23,277.4649303,213.9530731,0.195994199,-0.4,235.67,248.7,1.9,1.1836,1.32,278.5220467,214.3510395,0.210908443,-0.4,236.32,249.7,1.8
199,1.1813,1.01,274.8723823,211.2128352,0.211744648,-0.4,233.42,246.3,2.2,-1.0,1.1913,1.03,275.7084288,212.127409,0.211435302,-0.4,234.26,247.5,2.2,1.1755,1.07,276.7735841,213.0659595,0.196667088,-0.4,234.7,247.9,2.1,1.1743,1.23,277.4649303,213.9530731,0.195994199,-0.4,235.67,248.7,1.9,1.1836,1.32,278.5220467,214.3510395,0.210908443,-0.4,236.32,249.7,1.8,1.2197,1.41,278.8717392,214.6453799,0.220918192,-0.4,237.17,250.3,1.9
200,1.1913,1.03,275.7084288,212.127409,0.211435302,-0.4,234.26,247.5,2.2,-1.0,1.1755,1.07,276.7735841,213.0659595,0.196667088,-0.4,234.7,247.9,2.1,1.1743,1.23,277.4649303,213.9530731,0.195994199,-0.4,235.67,248.7,1.9,1.1836,1.32,278.5220467,214.3510395,0.210908443,-0.4,236.32,249.7,1.8,1.2197,1.41,278.8717392,214.6453799,0.220918192,-0.4,237.17,250.3,1.9,1.234,1.57,279.727883,214.8992831,0.219523071,-0.4,237.38,250.6,2.0
201,1.1755,1.07,276.7735841,213.0659595,0.196667088,-0.4,234.7,247.9,2.1,-1.0,1.1743,1.23,277.4649303,213.9530731,0.195994199,-0.4,235.67,248.7,1.9,1.1836,1.32,278.5220467,214.3510395,0.210908443,-0.4,236.32,249.7,1.8,1.2197,1.41,278.8717392,214.6453799,0.220918192,-0.4,237.17,250.3,1.9,1.234,1.57,279.727883,214.8992831,0.219523071,-0.4,237.38,250.6,2.0,1.2334,1.7,280.861369,215.4857293,0.226820712,-0.4,237.58,250.9,2.0
202,1.1743,1.23,277.4649303,213.9530731,0.195994199,-0.4,235.67,248.7,1.9,-1.0,1.1836,1.32,278.5220467,214.3510395,0.210908443,-0.4,236.32,249.7,1.8,1.2197,1.41,278.8717392,214.6453799,0.220918192,-0.4,237.17,250.3,1.9,1.234,1.57,279.727883,214.8992831,0.219523071,-0.4,237.38,250.6,2.0,1.2334,1.7,280.861369,215.4857293,0.226820712,-0.4,237.58,250.9,2.0,1.227,1.76,281.4723261,215.9725619,0.308707487,-0.4,238.46,251.5,2.1
203,1.1836,1.32,278.5220467,214.3510395,0.210908443,-0.4,236.32,249.7,1.8,-1.0,1.2197,1.41,278.8717392,214.6453799,0.220918192,-0.4,237.17,250.3,1.9,1.234,1.57,279.727883,214.8992831,0.219523071,-0.4,237.38,250.6,2.0,1.2334,1.7,280.861369,215.4857293,0.226820712,-0.4,237.58,250.9,2.0,1.227,1.76,281.4723261,215.9725619,0.308707487,-0.4,238.46,251.5,2.1,1.1823,1.86,282.7806584,216.7730434,0.244144008,-0.4,239.75,252.9,2.2
204,1.2197,1.41,278.8717392,214.6453799,0.220918192,-0.4,237.17,250.3,1.9,-1.0,1.234,1.57,279.727883,214.8992831,0.219523071,-0.4,237.38,250.6,2.0,1.2334,1.7,280.861369,215.4857293,0.226820712,-0.4,237.58,250.9,2.0,1.227,1.76,281.4723261,215.9725619,0.308707487,-0.4,238.46,251.5,2.1,1.1823,1.86,282.7806584,216.7730434,0.244144008,-0.4,239.75,252.9,2.2,1.1679,1.9,283.9804655,217.7317117,0.258384791,-0.4,241.43,254.9,2.3
205,1.234,1.57,279.727883,214.8992831,0.219523071,-0.4,237.38,250.6,2.0,-1.0,1.2334,1.7,280.861369,215.4857293,0.226820712,-0.4,237.58,250.9,2.0,1.227,1.76,281.4723261,215.9725619,0.308707487,-0.4,238.46,251.5,2.1,1.1823,1.86,282.7806584,216.7730434,0.244144008,-0.4,239.75,252.9,2.2,1.1679,1.9,283.9804655,217.7317117,0.258384791,-0.4,241.43,254.9,2.3,1.1685,1.96,284.565296,218.2484469,0.258327221,-0.4,241.1,254.7,2.2
206,1.2334,1.7,280.861369,215.4857293,0.226820712,-0.4,237.58,250.9,2.0,-1.0,1.227,1.76,281.4723261,215.9725619,0.308707487,-0.4,238.46,251.5,2.1,1.1823,1.86,282.7806584,216.7730434,0.244144008,-0.4,239.75,252.9,2.2,1.1679,1.9,283.9804655,217.7317117,0.258384791,-0.4,241.43,254.9,2.3,1.1685,1.96,284.565296,218.2484469,0.258327221,-0.4,241.1,254.7,2.2,1.1547,2.03,285.4174203,218.5908563,0.256903774,-0.4,241.61,255.5,2.1
207,1.227,1.76,281.4723261,215.9725619,0.308707487,-0.4,238.46,251.5,2.1,-1.0,1.1823,1.86,282.7806584,216.7730434,0.244144008,-0.4,239.75,252.9,2.2,1.1679,1.9,283.9804655,217.7317117,0.258384791,-0.4,241.43,254.9,2.3,1.1685,1.96,284.565296,218.2484469,0.258327221,-0.4,241.1,254.7,2.2,1.1547,2.03,285.4174203,218.5908563,0.256903774,-0.4,241.61,255.5,2.1,1.1667,2.13,286.0323968,219.4208665,0.25825031,-0.4,242.56,256.5,2.2
208,1.1823,1.86,282.7806584,216.7730434,0.244144008,-0.4,239.75,252.9,2.2,-1.0,1.1679,1.9,283.9804655,217.7317117,0.258384791,-0.4,241.43,254.9,2.3,1.1685,1.96,284.565296,218.2484469,0.258327221,-0.4,241.1,254.7,2.2,1.1547,2.03,285.4174203,218.5908563,0.256903774,-0.4,241.61,255.5,2.1,1.1667,2.13,286.0323968,219.4208665,0.25825031,-0.4,242.56,256.5,2.2,1.1488,2.25,286.1791069,220.0133151,0.281003587,-0.4,243.69,257.6,2.1
209,1.1679,1.9,283.9804655,217.7317117,0.258384791,-0.4,241.43,254.9,2.3,-1.0,1.1685,1.96,284.565296,218.2484469,0.258327221,-0.4,241.1,254.7,2.2,1.1547,2.03,285.4174203,218.5908563,0.256903774,-0.4,241.61,255.5,2.1,1.1667,2.13,286.0323968,219.4208665,0.25825031,-0.4,242.56,256.5,2.2,1.1488,2.25,286.1791069,220.0133151,0.281003587,-0.4,243.69,257.6,2.1,1.1364,2.33,286.5529161,220.1417466,0.27910104,-0.4,244.68,258.8,2.3
210,1.1685,1.96,284.565296,218.2484469,0.258327221,-0.4,241.1,254.7,2.2,-1.0,1.1547,2.03,285.4174203,218.5908563,0.256903774,-0.4,241.61,255.5,2.1,1.1667,2.13,286.0323968,219.4208665,0.25825031,-0.4,242.56,256.5,2.2,1.1488,2.25,286.1791069,220.0133151,0.281003587,-0.4,243.69,257.6,2.1,1.1364,2.33,286.5529161,220.1417466,0.27910104,-0.4,244.68,258.8,2.3,1.138,2.37,288.9424816,222.025403,0.285912589,-0.4,246.48,260.9,2.3
211,1.1547,2.03,285.4174203,218.5908563,0.256903774,-0.4,241.61,255.5,2.1,-1.0,1.1667,2.13,286.0323968,219.4208665,0.25825031,-0.4,242.56,256.5,2.2,1.1488,2.25,286.1791069,220.0133151,0.281003587,-0.4,243.69,257.6,2.1,1.1364,2.33,286.5529161,220.1417466,0.27910104,-0.4,244.68,258.8,2.3,1.138,2.37,288.9424816,222.025403,0.285912589,-0.4,246.48,260.9,2.3,1.1418,2.37,290.3412517,223.0489518,0.304211167,-0.4,246.9,261.3,2.4
212,1.1667,2.13,286.0323968,219.4208665,0.25825031,-0.4,242.56,256.5,2.2,-1.0,1.1488,2.25,286.1791069,220.0133151,0.281003587,-0.4,243.69,257.6,2.1,1.1364,2.33,286.5529161,220.1417466,0.27910104,-0.4,244.68,258.8,2.3,1.138,2.37,288.9424816,222.025403,0.285912589,-0.4,246.48,260.9,2.3,1.1418,2.37,290.3412517,223.0489518,0.304211167,-0.4,246.9,261.3,2.4,1.1349,2.39,291.2054343,223.8887633,0.304254741,-0.4,247.95,262.5,2.1
213,1.1488,2.25,286.1791069,220.0133151,0.281003587,-0.4,243.69,257.6,2.1,-1.0,1.1364,2.33,286.5529161,220.1417466,0.27910104,-0.4,244.68,258.8,2.3,1.138,2.37,288.9424816,222.025403,0.285912589,-0.4,246.48,260.9,2.3,1.1418,2.37,290.3412517,223.0489518,0.304211167,-0.4,246.9,261.3,2.4,1.1349,2.39,291.2054343,223.8887633,0.304254741,-0.4,247.95,262.5,2.1,1.1296,2.4,292.1479963,224.8369626,0.303433906,-0.4,249.37,264.1,1.9
214,1.1364,2.33,286.5529161,220.1417466,0.27910104,-0.4,244.68,258.8,2.3,-1.0,1.138,2.37,288.9424816,222.025403,0.285912589,-0.4,246.48,260.9,2.3,1.1418,2.37,290.3412517,223.0489518,0.304211167,-0.4,246.9,261.3,2.4,1.1349,2.39,291.2054343,223.8887633,0.304254741,-0.4,247.95,262.5,2.1,1.1296,2.4,292.1479963,224.8369626,0.303433906,-0.4,249.37,264.1,1.9,1.1234,2.38,292.8714981,225.5695944,0.302337517,-0.4,250.45,264.9,1.8
215,1.138,2.37,288.9424816,222.025403,0.285912589,-0.4,246.48,260.9,2.3,-1.0,1.1418,2.37,290.3412517,223.0489518,0.304211167,-0.4,246.9,261.3,2.4,1.1349,2.39,291.2054343,223.8887633,0.304254741,-0.4,247.95,262.5,2.1,1.1296,2.4,292.1479963,224.8369626,0.303433906,-0.4,249.37,264.1,1.9,1.1234,2.38,292.8714981,225.5695944,0.302337517,-0.4,250.45,264.9,1.8,1.1187,2.35,294.8772057,226.8693072,0.303676232,-0.4,251.75,266.3,1.8
216,1.1418,2.37,290.3412517,223.0489518,0.304211167,-0.4,246.9,261.3,2.4,1.0,1.1349,2.39,291.2054343,223.8887633,0.304254741,-0.4,247.95,262.5,2.1,1.1296,2.4,292.1479963,224.8369626,0.303433906,-0.4,249.37,264.1,1.9,1.1234,2.38,292.8714981,225.5695944,0.302337517,-0.4,250.45,264.9,1.8,1.1187,2.35,294.8772057,226.8693072,0.303676232,-0.4,251.75,266.3,1.8,1.1295,2.17,297.2627517,228.3250901,0.304163466,-0.4,252.76,267.4,1.4
217,1.1349,2.39,291.2054343,223.8887633,0.304254741,-0.4,247.95,262.5,2.1,1.0,1.1296,2.4,292.1479963,224.8369626,0.303433906,-0.4,249.37,264.1,1.9,1.1234,2.38,292.8714981,225.5695944,0.302337517,-0.4,250.45,264.9,1.8,1.1187,2.35,294.8772057,226.8693072,0.303676232,-0.4,251.75,266.3,1.8,1.1295,2.17,297.2627517,228.3250901,0.304163466,-0.4,252.76,267.4,1.4,1.1211,2.1,298.6876482,229.4980937,0.304122873,-0.4,253.91,268.9,1.1
218,1.1296,2.4,292.1479963,224.8369626,0.303433906,-0.4,249.37,264.1,1.9,1.0,1.1234,2.38,292.8714981,225.5695944,0.302337517,-0.4,250.45,264.9,1.8,1.1187,2.35,294.8772057,226.8693072,0.303676232,-0.4,251.75,266.3,1.8,1.1295,2.17,297.2627517,228.3250901,0.304163466,-0.4,252.76,267.4,1.4,1.1211,2.1,298.6876482,229.4980937,0.304122873,-0.4,253.91,268.9,1.1,1.1129,1.95,300.2291089,230.7581205,0.280472239,-0.4,255.98,272.5,0.8
219,1.1234,2.38,292.8714981,225.5695944,0.302337517,-0.4,250.45,264.9,1.8,1.0,1.1187,2.35,294.8772057,226.8693072,0.303676232,-0.4,251.75,266.3,1.8,1.1295,2.17,297.2627517,228.3250901,0.304163466,-0.4,252.76,267.4,1.4,1.1211,2.1,298.6876482,229.4980937,0.304122873,-0.4,253.91,268.9,1.1,1.1129,1.95,300.2291089,230.7581205,0.280472239,-0.4,255.98,272.5,0.8,1.1011,1.89,302.0639897,232.3052169,0.2673734,-0.44,256.78,272.3,0.8
220,1.1187,2.35,294.8772057,226.8693072,0.303676232,-0.4,251.75,266.3,1.8,1.0,1.1295,2.17,297.2627517,228.3250901,0.304163466,-0.4,252.76,267.4,1.4,1.1211,2.1,298.6876482,229.4980937,0.304122873,-0.4,253.91,268.9,1.1,1.1129,1.95,300.2291089,230.7581205,0.280472239,-0.4,255.98,272.5,0.8,1.1011,1.89,302.0639897,232.3052169,0.2673734,-0.44,256.78,272.3,0.8,1.1058,1.65,304.6083042,234.1529531,0.256879745,-0.5,257.77,273.6,0.9
221,1.1295,2.17,297.2627517,228.3250901,0.304163466,-0.4,252.76,267.4,1.4,1.0,1.1211,2.1,298.6876482,229.4980937,0.304122873,-0.4,253.91,268.9,1.1,1.1129,1.95,300.2291089,230.7581205,0.280472239,-0.4,255.98,272.5,0.8,1.1011,1.89,302.0639897,232.3052169,0.2673734,-0.44,256.78,272.3,0.8,1.1058,1.65,304.6083042,234.1529531,0.256879745,-0.5,257.77,273.6,0.9,1.1051,1.54,306.5718075,235.9063589,0.232156039,-0.5,258.66,275.5,1.0
222,1.1211,2.1,298.6876482,229.4980937,0.304122873,-0.4,253.91,268.9,1.1,1.0,1.1129,1.95,300.2291089,230.7581205,0.280472239,-0.4,255.98,272.5,0.8,1.1011,1.89,302.0639897,232.3052169,0.2673734,-0.44,256.78,272.3,0.8,1.1058,1.65,304.6083042,234.1529531,0.256879745,-0.5,257.77,273.6,0.9,1.1051,1.54,306.5718075,235.9063589,0.232156039,-0.5,258.66,275.5,1.0,1.1114,1.54,308.0730737,237.160231,0.233385764,-0.5,258.95,275.4,1.0
223,1.1129,1.95,300.2291089,230.7581205,0.280472239,-0.4,255.98,272.5,0.8,1.0,1.1011,1.89,302.0639897,232.3052169,0.2673734,-0.44,256.78,272.3,0.8,1.1058,1.65,304.6083042,234.1529531,0.256879745,-0.5,257.77,273.6,0.9,1.1051,1.54,306.5718075,235.9063589,0.232156039,-0.5,258.66,275.5,1.0,1.1114,1.54,308.0730737,237.160231,0.233385764,-0.5,258.95,275.4,1.0,1.1098,1.52,309.6989429,238.1893405,0.234224769,-0.5,260.16,276.9,1.0
224,1.1011,1.89,302.0639897,232.3052169,0.2673734,-0.44,256.78,272.3,0.8,1.0,1.1058,1.65,304.6083042,234.1529531,0.256879745,-0.5,257.77,273.6,0.9,1.1051,1.54,306.5718075,235.9063589,0.232156039,-0.5,258.66,275.5,1.0,1.1114,1.54,308.0730737,237.160231,0.233385764,-0.5,258.95,275.4,1.0,1.1098,1.52,309.6989429,238.1893405,0.234224769,-0.5,260.16,276.9,1.0,1.0911,1.52,310.9731099,239.2041491,0.233990491,-0.5,261.88,279.4,0.9
225,1.1058,1.65,304.6083042,234.1529531,0.256879745,-0.5,257.77,273.6,0.9,1.0,1.1051,1.54,306.5718075,235.9063589,0.232156039,-0.5,258.66,275.5,1.0,1.1114,1.54,308.0730737,237.160231,0.233385764,-0.5,258.95,275.4,1.0,1.1098,1.52,309.6989429,238.1893405,0.234224769,-0.5,260.16,276.9,1.0,1.0911,1.52,310.9731099,239.2041491,0.233990491,-0.5,261.88,279.4,0.9,1.1046,0.29,321.8437236,247.5908409,0.217251941,-0.5,268.37,285.1,1.8
226,1.1051,1.54,306.5718075,235.9063589,0.232156039,-0.5,258.66,275.5,1.0,1.0,1.1114,1.54,308.0730737,237.160231,0.233385764,-0.5,258.95,275.4,1.0,1.1098,1.52,309.6989429,238.1893405,0.234224769,-0.5,260.16,276.9,1.0,1.0911,1.52,310.9731099,239.2041491,0.233990491,-0.5,261.88,279.4,0.9,1.1046,0.29,321.8437236,247.5908409,0.217251941,-0.5,268.37,285.1,1.8,1.0871,0.14,342.5157764,264.0456012,0.205811247,-0.5,271.32,288.5,1.8
